id,salt,weight_percent,temperature,density,source,source_details,notes
1,NaCl,1.0,0.0,1.00747,nationalresearchcouncil1930,Vol. 2 Pg. 79,
2,NaCl,2.0,0.0,1.01509,nationalresearchcouncil1930,Vol. 2 Pg. 79,
3,NaCl,4.0,0.0,1.03038,nationalresearchcouncil1930,Vol. 2 Pg. 79,
4,NaCl,6.0,0.0,1.04575,nationalresearchcouncil1930,Vol. 2 Pg. 79,
5,NaCl,8.0,0.0,1.06121,nationalresearchcouncil1930,Vol. 2 Pg. 79,
6,NaCl,10.0,0.0,1.07677,nationalresearchcouncil1930,Vol. 2 Pg. 79,
7,NaCl,12.0,0.0,1.09244,nationalresearchcouncil1930,Vol. 2 Pg. 79,
8,NaCl,14.0,0.0,1.10824,nationalresearchcouncil1930,Vol. 2 Pg. 79,
9,NaCl,16.0,0.0,1.12419,nationalresearchcouncil1930,Vol. 2 Pg. 79,
10,NaCl,18.0,0.0,1.14031,nationalresearchcouncil1930,Vol. 2 Pg. 79,
11,NaCl,20.0,0.0,1.15663,nationalresearchcouncil1930,Vol. 2 Pg. 79,
12,NaCl,22.0,0.0,1.17318,nationalresearchcouncil1930,Vol. 2 Pg. 79,
13,NaCl,24.0,0.0,1.18999,nationalresearchcouncil1930,Vol. 2 Pg. 79,
14,NaCl,26.0,0.0,1.20709,nationalresearchcouncil1930,Vol. 2 Pg. 79,
15,NaCl,1.0,10.0,1.00707,nationalresearchcouncil1930,Vol. 2 Pg. 79,
16,NaCl,2.0,10.0,1.01442,nationalresearchcouncil1930,Vol. 2 Pg. 79,
17,NaCl,4.0,10.0,1.0292,nationalresearchcouncil1930,Vol. 2 Pg. 79,
18,NaCl,6.0,10.0,1.04408,nationalresearchcouncil1930,Vol. 2 Pg. 79,
19,NaCl,8.0,10.0,1.05907,nationalresearchcouncil1930,Vol. 2 Pg. 79,
20,NaCl,10.0,10.0,1.07419,nationalresearchcouncil1930,Vol. 2 Pg. 79,
21,NaCl,12.0,10.0,1.08946,nationalresearchcouncil1930,Vol. 2 Pg. 79,
22,NaCl,14.0,10.0,1.10491,nationalresearchcouncil1930,Vol. 2 Pg. 79,
23,NaCl,16.0,10.0,1.12056,nationalresearchcouncil1930,Vol. 2 Pg. 79,
24,NaCl,18.0,10.0,1.13643,nationalresearchcouncil1930,Vol. 2 Pg. 79,
25,NaCl,20.0,10.0,1.15254,nationalresearchcouncil1930,Vol. 2 Pg. 79,
26,NaCl,22.0,10.0,1.16891,nationalresearchcouncil1930,Vol. 2 Pg. 79,
27,NaCl,24.0,10.0,1.18557,nationalresearchcouncil1930,Vol. 2 Pg. 79,
28,NaCl,26.0,10.0,1.20254,nationalresearchcouncil1930,Vol. 2 Pg. 79,
29,NaCl,1.0,20.0,1.00534,nationalresearchcouncil1930,Vol. 2 Pg. 79,
30,NaCl,2.0,20.0,1.01246,nationalresearchcouncil1930,Vol. 2 Pg. 79,
31,NaCl,4.0,20.0,1.0268,nationalresearchcouncil1930,Vol. 2 Pg. 79,
32,NaCl,6.0,20.0,1.04127,nationalresearchcouncil1930,Vol. 2 Pg. 79,
33,NaCl,8.0,20.0,1.05589,nationalresearchcouncil1930,Vol. 2 Pg. 79,
34,NaCl,10.0,20.0,1.07068,nationalresearchcouncil1930,Vol. 2 Pg. 79,
35,NaCl,12.0,20.0,1.08566,nationalresearchcouncil1930,Vol. 2 Pg. 79,
36,NaCl,14.0,20.0,1.10085,nationalresearchcouncil1930,Vol. 2 Pg. 79,
37,NaCl,16.0,20.0,1.11621,nationalresearchcouncil1930,Vol. 2 Pg. 79,
38,NaCl,18.0,20.0,1.1319,nationalresearchcouncil1930,Vol. 2 Pg. 79,
39,NaCl,20.0,20.0,1.14779,nationalresearchcouncil1930,Vol. 2 Pg. 79,
40,NaCl,22.0,20.0,1.16395,nationalresearchcouncil1930,Vol. 2 Pg. 79,
41,NaCl,24.0,20.0,1.1804,nationalresearchcouncil1930,Vol. 2 Pg. 79,
42,NaCl,26.0,20.0,1.19717,nationalresearchcouncil1930,Vol. 2 Pg. 79,
43,NaCl,1.0,25.0,1.00409,nationalresearchcouncil1930,Vol. 2 Pg. 79,
44,NaCl,2.0,25.0,1.01112,nationalresearchcouncil1930,Vol. 2 Pg. 79,
45,NaCl,4.0,25.0,1.0253,nationalresearchcouncil1930,Vol. 2 Pg. 79,
46,NaCl,6.0,25.0,1.03963,nationalresearchcouncil1930,Vol. 2 Pg. 79,
47,NaCl,8.0,25.0,1.05412,nationalresearchcouncil1930,Vol. 2 Pg. 79,
48,NaCl,10.0,25.0,1.06879,nationalresearchcouncil1930,Vol. 2 Pg. 79,
49,NaCl,12.0,25.0,1.08365,nationalresearchcouncil1930,Vol. 2 Pg. 79,
50,NaCl,14.0,25.0,1.09872,nationalresearchcouncil1930,Vol. 2 Pg. 79,
51,NaCl,16.0,25.0,1.11401,nationalresearchcouncil1930,Vol. 2 Pg. 79,
52,NaCl,18.0,25.0,1.12954,nationalresearchcouncil1930,Vol. 2 Pg. 79,
53,NaCl,20.0,25.0,1.14533,nationalresearchcouncil1930,Vol. 2 Pg. 79,
54,NaCl,22.0,25.0,1.1614,nationalresearchcouncil1930,Vol. 2 Pg. 79,
55,NaCl,24.0,25.0,1.17776,nationalresearchcouncil1930,Vol. 2 Pg. 79,
56,NaCl,26.0,25.0,1.19443,nationalresearchcouncil1930,Vol. 2 Pg. 79,
57,NaCl,1.0,30.0,1.00261,nationalresearchcouncil1930,Vol. 2 Pg. 79,
58,NaCl,2.0,30.0,1.00957,nationalresearchcouncil1930,Vol. 2 Pg. 79,
59,NaCl,4.0,30.0,1.02361,nationalresearchcouncil1930,Vol. 2 Pg. 79,
60,NaCl,6.0,30.0,1.03781,nationalresearchcouncil1930,Vol. 2 Pg. 79,
61,NaCl,8.0,30.0,1.05219,nationalresearchcouncil1930,Vol. 2 Pg. 79,
62,NaCl,10.0,30.0,1.06676,nationalresearchcouncil1930,Vol. 2 Pg. 79,
63,NaCl,12.0,30.0,1.08153,nationalresearchcouncil1930,Vol. 2 Pg. 79,
64,NaCl,14.0,30.0,1.09651,nationalresearchcouncil1930,Vol. 2 Pg. 79,
65,NaCl,16.0,30.0,1.11171,nationalresearchcouncil1930,Vol. 2 Pg. 79,
66,NaCl,18.0,30.0,1.12715,nationalresearchcouncil1930,Vol. 2 Pg. 79,
67,NaCl,20.0,30.0,1.14285,nationalresearchcouncil1930,Vol. 2 Pg. 79,
68,NaCl,22.0,30.0,1.15883,nationalresearchcouncil1930,Vol. 2 Pg. 79,
69,NaCl,24.0,30.0,1.17511,nationalresearchcouncil1930,Vol. 2 Pg. 79,
70,NaCl,26.0,30.0,1.1917,nationalresearchcouncil1930,Vol. 2 Pg. 79,
71,NaCl,1.0,40.0,0.99908,nationalresearchcouncil1930,Vol. 2 Pg. 79,
72,NaCl,2.0,40.0,1.00593,nationalresearchcouncil1930,Vol. 2 Pg. 79,
73,NaCl,4.0,40.0,1.01977,nationalresearchcouncil1930,Vol. 2 Pg. 79,
74,NaCl,6.0,40.0,1.03378,nationalresearchcouncil1930,Vol. 2 Pg. 79,
75,NaCl,8.0,40.0,1.04798,nationalresearchcouncil1930,Vol. 2 Pg. 79,
76,NaCl,10.0,40.0,1.06238,nationalresearchcouncil1930,Vol. 2 Pg. 79,
77,NaCl,12.0,40.0,1.07699,nationalresearchcouncil1930,Vol. 2 Pg. 79,
78,NaCl,14.0,40.0,1.09182,nationalresearchcouncil1930,Vol. 2 Pg. 79,
79,NaCl,16.0,40.0,1.10688,nationalresearchcouncil1930,Vol. 2 Pg. 79,
80,NaCl,18.0,40.0,1.12218,nationalresearchcouncil1930,Vol. 2 Pg. 79,
81,NaCl,20.0,40.0,1.13774,nationalresearchcouncil1930,Vol. 2 Pg. 79,
82,NaCl,22.0,40.0,1.15358,nationalresearchcouncil1930,Vol. 2 Pg. 79,
83,NaCl,24.0,40.0,1.16971,nationalresearchcouncil1930,Vol. 2 Pg. 79,
84,NaCl,26.0,40.0,1.18614,nationalresearchcouncil1930,Vol. 2 Pg. 79,
85,NaCl,1.0,50.0,0.99482,nationalresearchcouncil1930,Vol. 2 Pg. 79,
86,NaCl,2.0,50.0,1.00161,nationalresearchcouncil1930,Vol. 2 Pg. 79,
87,NaCl,4.0,50.0,1.01531,nationalresearchcouncil1930,Vol. 2 Pg. 79,
88,NaCl,6.0,50.0,1.02919,nationalresearchcouncil1930,Vol. 2 Pg. 79,
89,NaCl,8.0,50.0,1.04326,nationalresearchcouncil1930,Vol. 2 Pg. 79,
90,NaCl,10.0,50.0,1.05753,nationalresearchcouncil1930,Vol. 2 Pg. 79,
91,NaCl,12.0,50.0,1.07202,nationalresearchcouncil1930,Vol. 2 Pg. 79,
92,NaCl,14.0,50.0,1.08674,nationalresearchcouncil1930,Vol. 2 Pg. 79,
93,NaCl,16.0,50.0,1.1017,nationalresearchcouncil1930,Vol. 2 Pg. 79,
94,NaCl,18.0,50.0,1.11691,nationalresearchcouncil1930,Vol. 2 Pg. 79,
95,NaCl,20.0,50.0,1.13238,nationalresearchcouncil1930,Vol. 2 Pg. 79,
96,NaCl,22.0,50.0,1.14812,nationalresearchcouncil1930,Vol. 2 Pg. 79,
97,NaCl,24.0,50.0,1.16414,nationalresearchcouncil1930,Vol. 2 Pg. 79,
98,NaCl,26.0,50.0,1.18045,nationalresearchcouncil1930,Vol. 2 Pg. 79,
99,NaCl,1.0,60.0,0.99,nationalresearchcouncil1930,Vol. 2 Pg. 79,
100,NaCl,2.0,60.0,0.9967,nationalresearchcouncil1930,Vol. 2 Pg. 79,
101,NaCl,4.0,60.0,1.0103,nationalresearchcouncil1930,Vol. 2 Pg. 79,
102,NaCl,6.0,60.0,1.0241,nationalresearchcouncil1930,Vol. 2 Pg. 79,
103,NaCl,8.0,60.0,1.0381,nationalresearchcouncil1930,Vol. 2 Pg. 79,
104,NaCl,10.0,60.0,1.0523,nationalresearchcouncil1930,Vol. 2 Pg. 79,
105,NaCl,12.0,60.0,1.0667,nationalresearchcouncil1930,Vol. 2 Pg. 79,
106,NaCl,14.0,60.0,1.0813,nationalresearchcouncil1930,Vol. 2 Pg. 79,
107,NaCl,16.0,60.0,1.0962,nationalresearchcouncil1930,Vol. 2 Pg. 79,
108,NaCl,18.0,60.0,1.1113,nationalresearchcouncil1930,Vol. 2 Pg. 79,
109,NaCl,20.0,60.0,1.1268,nationalresearchcouncil1930,Vol. 2 Pg. 79,
110,NaCl,22.0,60.0,1.1425,nationalresearchcouncil1930,Vol. 2 Pg. 79,
111,NaCl,24.0,60.0,1.1584,nationalresearchcouncil1930,Vol. 2 Pg. 79,
112,NaCl,26.0,60.0,1.1747,nationalresearchcouncil1930,Vol. 2 Pg. 79,
113,NaCl,1.0,80.0,0.9785,nationalresearchcouncil1930,Vol. 2 Pg. 79,
114,NaCl,2.0,80.0,0.9852,nationalresearchcouncil1930,Vol. 2 Pg. 79,
115,NaCl,4.0,80.0,0.9988,nationalresearchcouncil1930,Vol. 2 Pg. 79,
116,NaCl,6.0,80.0,1.0125,nationalresearchcouncil1930,Vol. 2 Pg. 79,
117,NaCl,8.0,80.0,1.0264,nationalresearchcouncil1930,Vol. 2 Pg. 79,
118,NaCl,10.0,80.0,1.0405,nationalresearchcouncil1930,Vol. 2 Pg. 79,
119,NaCl,12.0,80.0,1.0549,nationalresearchcouncil1930,Vol. 2 Pg. 79,
120,NaCl,14.0,80.0,1.0694,nationalresearchcouncil1930,Vol. 2 Pg. 79,
121,NaCl,16.0,80.0,1.0842,nationalresearchcouncil1930,Vol. 2 Pg. 79,
122,NaCl,18.0,80.0,1.0993,nationalresearchcouncil1930,Vol. 2 Pg. 79,
123,NaCl,20.0,80.0,1.1146,nationalresearchcouncil1930,Vol. 2 Pg. 79,
124,NaCl,22.0,80.0,1.1303,nationalresearchcouncil1930,Vol. 2 Pg. 79,
125,NaCl,24.0,80.0,1.1463,nationalresearchcouncil1930,Vol. 2 Pg. 79,
126,NaCl,26.0,80.0,1.1626,nationalresearchcouncil1930,Vol. 2 Pg. 79,
127,NaCl,1.0,100.0,0.9651,nationalresearchcouncil1930,Vol. 2 Pg. 79,
128,NaCl,2.0,100.0,0.9719,nationalresearchcouncil1930,Vol. 2 Pg. 79,
129,NaCl,4.0,100.0,0.9855,nationalresearchcouncil1930,Vol. 2 Pg. 79,
130,NaCl,6.0,100.0,0.9994,nationalresearchcouncil1930,Vol. 2 Pg. 79,
131,NaCl,8.0,100.0,1.0134,nationalresearchcouncil1930,Vol. 2 Pg. 79,
132,NaCl,10.0,100.0,1.0276,nationalresearchcouncil1930,Vol. 2 Pg. 79,
133,NaCl,12.0,100.0,1.042,nationalresearchcouncil1930,Vol. 2 Pg. 79,
134,NaCl,14.0,100.0,1.0565,nationalresearchcouncil1930,Vol. 2 Pg. 79,
135,NaCl,16.0,100.0,1.0713,nationalresearchcouncil1930,Vol. 2 Pg. 79,
136,NaCl,18.0,100.0,1.0864,nationalresearchcouncil1930,Vol. 2 Pg. 79,
137,NaCl,20.0,100.0,1.1017,nationalresearchcouncil1930,Vol. 2 Pg. 79,
138,NaCl,22.0,100.0,1.1172,nationalresearchcouncil1930,Vol. 2 Pg. 79,
139,NaCl,24.0,100.0,1.1331,nationalresearchcouncil1930,Vol. 2 Pg. 79,
140,NaCl,26.0,100.0,1.1492,nationalresearchcouncil1930,Vol. 2 Pg. 79,
141,NaOH,1.0,0.0,1.0124,nationalresearchcouncil1930,Vol. 2 Pg. 79,
142,NaOH,2.0,0.0,1.0244,nationalresearchcouncil1930,Vol. 2 Pg. 79,
143,NaOH,3.0,0.0,1.0364,nationalresearchcouncil1930,Vol. 2 Pg. 79,
144,NaOH,4.0,0.0,1.0482,nationalresearchcouncil1930,Vol. 2 Pg. 79,
145,NaOH,5.0,0.0,1.0598,nationalresearchcouncil1930,Vol. 2 Pg. 79,
146,NaOH,6.0,0.0,1.0713,nationalresearchcouncil1930,Vol. 2 Pg. 79,
147,NaOH,7.0,0.0,1.0828,nationalresearchcouncil1930,Vol. 2 Pg. 79,
148,NaOH,8.0,0.0,1.0943,nationalresearchcouncil1930,Vol. 2 Pg. 79,
149,NaOH,9.0,0.0,1.1057,nationalresearchcouncil1930,Vol. 2 Pg. 79,
150,NaOH,10.0,0.0,1.1171,nationalresearchcouncil1930,Vol. 2 Pg. 79,
151,NaOH,12.0,0.0,1.1399,nationalresearchcouncil1930,Vol. 2 Pg. 79,
152,NaOH,14.0,0.0,1.1624,nationalresearchcouncil1930,Vol. 2 Pg. 79,
153,NaOH,16.0,0.0,1.1849,nationalresearchcouncil1930,Vol. 2 Pg. 79,
154,NaOH,18.0,0.0,1.2073,nationalresearchcouncil1930,Vol. 2 Pg. 79,
155,NaOH,20.0,0.0,1.2296,nationalresearchcouncil1930,Vol. 2 Pg. 79,
156,NaOH,22.0,0.0,1.2519,nationalresearchcouncil1930,Vol. 2 Pg. 79,
157,NaOH,24.0,0.0,1.2741,nationalresearchcouncil1930,Vol. 2 Pg. 79,
158,NaOH,26.0,0.0,1.2963,nationalresearchcouncil1930,Vol. 2 Pg. 79,
159,NaOH,28.0,0.0,1.3182,nationalresearchcouncil1930,Vol. 2 Pg. 79,
160,NaOH,1.0,10.0,1.0115,nationalresearchcouncil1930,Vol. 2 Pg. 79,
161,NaOH,2.0,10.0,1.023,nationalresearchcouncil1930,Vol. 2 Pg. 79,
162,NaOH,3.0,10.0,1.0345,nationalresearchcouncil1930,Vol. 2 Pg. 79,
163,NaOH,4.0,10.0,1.0459,nationalresearchcouncil1930,Vol. 2 Pg. 79,
164,NaOH,5.0,10.0,1.0571,nationalresearchcouncil1930,Vol. 2 Pg. 79,
165,NaOH,6.0,10.0,1.0683,nationalresearchcouncil1930,Vol. 2 Pg. 79,
166,NaOH,7.0,10.0,1.0795,nationalresearchcouncil1930,Vol. 2 Pg. 79,
167,NaOH,8.0,10.0,1.0908,nationalresearchcouncil1930,Vol. 2 Pg. 79,
168,NaOH,9.0,10.0,1.102,nationalresearchcouncil1930,Vol. 2 Pg. 79,
169,NaOH,10.0,10.0,1.1132,nationalresearchcouncil1930,Vol. 2 Pg. 79,
170,NaOH,12.0,10.0,1.1355,nationalresearchcouncil1930,Vol. 2 Pg. 79,
171,NaOH,14.0,10.0,1.1578,nationalresearchcouncil1930,Vol. 2 Pg. 79,
172,NaOH,16.0,10.0,1.1801,nationalresearchcouncil1930,Vol. 2 Pg. 79,
173,NaOH,18.0,10.0,1.2023,nationalresearchcouncil1930,Vol. 2 Pg. 79,
174,NaOH,20.0,10.0,1.2244,nationalresearchcouncil1930,Vol. 2 Pg. 79,
175,NaOH,22.0,10.0,1.2465,nationalresearchcouncil1930,Vol. 2 Pg. 79,
176,NaOH,24.0,10.0,1.2686,nationalresearchcouncil1930,Vol. 2 Pg. 79,
177,NaOH,26.0,10.0,1.2906,nationalresearchcouncil1930,Vol. 2 Pg. 79,
178,NaOH,28.0,10.0,1.3124,nationalresearchcouncil1930,Vol. 2 Pg. 79,
179,NaOH,30.0,10.0,1.334,nationalresearchcouncil1930,Vol. 2 Pg. 79,
180,NaOH,32.0,10.0,1.3552,nationalresearchcouncil1930,Vol. 2 Pg. 79,
181,NaOH,34.0,10.0,1.376,nationalresearchcouncil1930,Vol. 2 Pg. 79,
182,NaOH,36.0,10.0,1.3965,nationalresearchcouncil1930,Vol. 2 Pg. 79,
183,NaOH,38.0,10.0,1.4168,nationalresearchcouncil1930,Vol. 2 Pg. 79,
184,NaOH,40.0,10.0,1.4367,nationalresearchcouncil1930,Vol. 2 Pg. 79,
185,NaOH,42.0,10.0,1.4561,nationalresearchcouncil1930,Vol. 2 Pg. 79,
186,NaOH,44.0,10.0,1.4755,nationalresearchcouncil1930,Vol. 2 Pg. 79,
187,NaOH,1.0,15.0,1.01065,nationalresearchcouncil1930,Vol. 2 Pg. 79,
188,NaOH,2.0,15.0,1.02198,nationalresearchcouncil1930,Vol. 2 Pg. 79,
189,NaOH,3.0,15.0,1.03322,nationalresearchcouncil1930,Vol. 2 Pg. 79,
190,NaOH,4.0,15.0,1.04441,nationalresearchcouncil1930,Vol. 2 Pg. 79,
191,NaOH,5.0,15.0,1.05554,nationalresearchcouncil1930,Vol. 2 Pg. 79,
192,NaOH,6.0,15.0,1.06666,nationalresearchcouncil1930,Vol. 2 Pg. 79,
193,NaOH,7.0,15.0,1.07777,nationalresearchcouncil1930,Vol. 2 Pg. 79,
194,NaOH,8.0,15.0,1.08887,nationalresearchcouncil1930,Vol. 2 Pg. 79,
195,NaOH,9.0,15.0,1.09997,nationalresearchcouncil1930,Vol. 2 Pg. 79,
196,NaOH,10.0,15.0,1.11107,nationalresearchcouncil1930,Vol. 2 Pg. 79,
197,NaOH,12.0,15.0,1.13327,nationalresearchcouncil1930,Vol. 2 Pg. 79,
198,NaOH,14.0,15.0,1.15545,nationalresearchcouncil1930,Vol. 2 Pg. 79,
199,NaOH,16.0,15.0,1.17761,nationalresearchcouncil1930,Vol. 2 Pg. 79,
200,NaOH,18.0,15.0,1.19973,nationalresearchcouncil1930,Vol. 2 Pg. 79,
201,NaOH,20.0,15.0,1.22183,nationalresearchcouncil1930,Vol. 2 Pg. 79,
202,NaOH,22.0,15.0,1.24386,nationalresearchcouncil1930,Vol. 2 Pg. 79,
203,NaOH,24.0,15.0,1.26582,nationalresearchcouncil1930,Vol. 2 Pg. 79,
204,NaOH,26.0,15.0,1.2877,nationalresearchcouncil1930,Vol. 2 Pg. 79,
205,NaOH,28.0,15.0,1.3094,nationalresearchcouncil1930,Vol. 2 Pg. 79,
206,NaOH,30.0,15.0,1.3309,nationalresearchcouncil1930,Vol. 2 Pg. 79,
207,NaOH,32.0,15.0,1.352,nationalresearchcouncil1930,Vol. 2 Pg. 79,
208,NaOH,34.0,15.0,1.3728,nationalresearchcouncil1930,Vol. 2 Pg. 79,
209,NaOH,36.0,15.0,1.3933,nationalresearchcouncil1930,Vol. 2 Pg. 79,
210,NaOH,38.0,15.0,1.4135,nationalresearchcouncil1930,Vol. 2 Pg. 79,
211,NaOH,40.0,15.0,1.4334,nationalresearchcouncil1930,Vol. 2 Pg. 79,
212,NaOH,42.0,15.0,1.4529,nationalresearchcouncil1930,Vol. 2 Pg. 79,
213,NaOH,44.0,15.0,1.472,nationalresearchcouncil1930,Vol. 2 Pg. 79,
214,NaOH,46.0,15.0,1.4911,nationalresearchcouncil1930,Vol. 2 Pg. 79,
215,NaOH,48.0,15.0,1.5102,nationalresearchcouncil1930,Vol. 2 Pg. 79,
216,NaOH,50.0,15.0,1.529,nationalresearchcouncil1930,Vol. 2 Pg. 79,
217,NaOH,1.0,18.0,1.01003,nationalresearchcouncil1930,Vol. 2 Pg. 79,
218,NaOH,2.0,18.0,1.02127,nationalresearchcouncil1930,Vol. 2 Pg. 79,
219,NaOH,3.0,18.0,1.03241,nationalresearchcouncil1930,Vol. 2 Pg. 79,
220,NaOH,4.0,18.0,1.04349,nationalresearchcouncil1930,Vol. 2 Pg. 79,
221,NaOH,5.0,18.0,1.05454,nationalresearchcouncil1930,Vol. 2 Pg. 79,
222,NaOH,6.0,18.0,1.06559,nationalresearchcouncil1930,Vol. 2 Pg. 79,
223,NaOH,7.0,18.0,1.07664,nationalresearchcouncil1930,Vol. 2 Pg. 79,
224,NaOH,8.0,18.0,1.08769,nationalresearchcouncil1930,Vol. 2 Pg. 79,
225,NaOH,9.0,18.0,1.09872,nationalresearchcouncil1930,Vol. 2 Pg. 79,
226,NaOH,10.0,18.0,1.10977,nationalresearchcouncil1930,Vol. 2 Pg. 79,
227,NaOH,12.0,18.0,1.13188,nationalresearchcouncil1930,Vol. 2 Pg. 79,
228,NaOH,14.0,18.0,1.154,nationalresearchcouncil1930,Vol. 2 Pg. 79,
229,NaOH,16.0,18.0,1.1761,nationalresearchcouncil1930,Vol. 2 Pg. 79,
230,NaOH,18.0,18.0,1.19817,nationalresearchcouncil1930,Vol. 2 Pg. 79,
231,NaOH,20.0,18.0,1.22022,nationalresearchcouncil1930,Vol. 2 Pg. 79,
232,NaOH,22.0,18.0,1.2422,nationalresearchcouncil1930,Vol. 2 Pg. 79,
233,NaOH,24.0,18.0,1.26412,nationalresearchcouncil1930,Vol. 2 Pg. 79,
234,NaOH,26.0,18.0,1.286,nationalresearchcouncil1930,Vol. 2 Pg. 79,
235,NaOH,28.0,18.0,1.3076,nationalresearchcouncil1930,Vol. 2 Pg. 79,
236,NaOH,30.0,18.0,1.329,nationalresearchcouncil1930,Vol. 2 Pg. 79,
237,NaOH,32.0,18.0,1.3502,nationalresearchcouncil1930,Vol. 2 Pg. 79,
238,NaOH,34.0,18.0,1.3708,nationalresearchcouncil1930,Vol. 2 Pg. 79,
239,NaOH,36.0,18.0,1.3913,nationalresearchcouncil1930,Vol. 2 Pg. 79,
240,NaOH,38.0,18.0,1.4115,nationalresearchcouncil1930,Vol. 2 Pg. 79,
241,NaOH,40.0,18.0,1.4314,nationalresearchcouncil1930,Vol. 2 Pg. 79,
242,NaOH,42.0,18.0,1.4508,nationalresearchcouncil1930,Vol. 2 Pg. 79,
243,NaOH,44.0,18.0,1.4699,nationalresearchcouncil1930,Vol. 2 Pg. 79,
244,NaOH,46.0,18.0,1.489,nationalresearchcouncil1930,Vol. 2 Pg. 79,
245,NaOH,48.0,18.0,1.508,nationalresearchcouncil1930,Vol. 2 Pg. 79,
246,NaOH,50.0,18.0,1.5268,nationalresearchcouncil1930,Vol. 2 Pg. 79,
247,NaOH,1.0,20.0,1.0095,nationalresearchcouncil1930,Vol. 2 Pg. 79,
248,NaOH,2.0,20.0,1.0207,nationalresearchcouncil1930,Vol. 2 Pg. 79,
249,NaOH,3.0,20.0,1.0318,nationalresearchcouncil1930,Vol. 2 Pg. 79,
250,NaOH,4.0,20.0,1.0428,nationalresearchcouncil1930,Vol. 2 Pg. 79,
251,NaOH,5.0,20.0,1.0538,nationalresearchcouncil1930,Vol. 2 Pg. 79,
252,NaOH,6.0,20.0,1.0648,nationalresearchcouncil1930,Vol. 2 Pg. 79,
253,NaOH,7.0,20.0,1.0758,nationalresearchcouncil1930,Vol. 2 Pg. 79,
254,NaOH,8.0,20.0,1.0869,nationalresearchcouncil1930,Vol. 2 Pg. 79,
255,NaOH,9.0,20.0,1.0979,nationalresearchcouncil1930,Vol. 2 Pg. 79,
256,NaOH,10.0,20.0,1.1089,nationalresearchcouncil1930,Vol. 2 Pg. 79,
257,NaOH,12.0,20.0,1.1309,nationalresearchcouncil1930,Vol. 2 Pg. 79,
258,NaOH,14.0,20.0,1.153,nationalresearchcouncil1930,Vol. 2 Pg. 79,
259,NaOH,16.0,20.0,1.1751,nationalresearchcouncil1930,Vol. 2 Pg. 79,
260,NaOH,18.0,20.0,1.1972,nationalresearchcouncil1930,Vol. 2 Pg. 79,
261,NaOH,20.0,20.0,1.2191,nationalresearchcouncil1930,Vol. 2 Pg. 79,
262,NaOH,22.0,20.0,1.2411,nationalresearchcouncil1930,Vol. 2 Pg. 79,
263,NaOH,24.0,20.0,1.2629,nationalresearchcouncil1930,Vol. 2 Pg. 79,
264,NaOH,26.0,20.0,1.2848,nationalresearchcouncil1930,Vol. 2 Pg. 79,
265,NaOH,28.0,20.0,1.3064,nationalresearchcouncil1930,Vol. 2 Pg. 79,
266,NaOH,30.0,20.0,1.3279,nationalresearchcouncil1930,Vol. 2 Pg. 79,
267,NaOH,32.0,20.0,1.349,nationalresearchcouncil1930,Vol. 2 Pg. 79,
268,NaOH,34.0,20.0,1.3696,nationalresearchcouncil1930,Vol. 2 Pg. 79,
269,NaOH,36.0,20.0,1.39,nationalresearchcouncil1930,Vol. 2 Pg. 79,
270,NaOH,38.0,20.0,1.4101,nationalresearchcouncil1930,Vol. 2 Pg. 79,
271,NaOH,40.0,20.0,1.43,nationalresearchcouncil1930,Vol. 2 Pg. 79,
272,NaOH,42.0,20.0,1.4494,nationalresearchcouncil1930,Vol. 2 Pg. 79,
273,NaOH,44.0,20.0,1.4685,nationalresearchcouncil1930,Vol. 2 Pg. 79,
274,NaOH,46.0,20.0,1.4873,nationalresearchcouncil1930,Vol. 2 Pg. 79,
275,NaOH,48.0,20.0,1.5065,nationalresearchcouncil1930,Vol. 2 Pg. 79,
276,NaOH,50.0,20.0,1.5253,nationalresearchcouncil1930,Vol. 2 Pg. 79,
277,NaOH,1.0,30.0,1.0069,nationalresearchcouncil1930,Vol. 2 Pg. 79,
278,NaOH,2.0,30.0,1.0177,nationalresearchcouncil1930,Vol. 2 Pg. 79,
279,NaOH,3.0,30.0,1.0285,nationalresearchcouncil1930,Vol. 2 Pg. 79,
280,NaOH,4.0,30.0,1.0393,nationalresearchcouncil1930,Vol. 2 Pg. 79,
281,NaOH,5.0,30.0,1.0501,nationalresearchcouncil1930,Vol. 2 Pg. 79,
282,NaOH,6.0,30.0,1.0609,nationalresearchcouncil1930,Vol. 2 Pg. 79,
283,NaOH,7.0,30.0,1.0717,nationalresearchcouncil1930,Vol. 2 Pg. 79,
284,NaOH,8.0,30.0,1.0826,nationalresearchcouncil1930,Vol. 2 Pg. 79,
285,NaOH,9.0,30.0,1.0934,nationalresearchcouncil1930,Vol. 2 Pg. 79,
286,NaOH,10.0,30.0,1.1043,nationalresearchcouncil1930,Vol. 2 Pg. 79,
287,NaOH,12.0,30.0,1.1261,nationalresearchcouncil1930,Vol. 2 Pg. 79,
288,NaOH,14.0,30.0,1.148,nationalresearchcouncil1930,Vol. 2 Pg. 79,
289,NaOH,16.0,30.0,1.1699,nationalresearchcouncil1930,Vol. 2 Pg. 79,
290,NaOH,18.0,30.0,1.1918,nationalresearchcouncil1930,Vol. 2 Pg. 79,
291,NaOH,20.0,30.0,1.2136,nationalresearchcouncil1930,Vol. 2 Pg. 79,
292,NaOH,22.0,30.0,1.2454,nationalresearchcouncil1930,Vol. 2 Pg. 79,
293,NaOH,24.0,30.0,1.2571,nationalresearchcouncil1930,Vol. 2 Pg. 79,
294,NaOH,26.0,30.0,1.2789,nationalresearchcouncil1930,Vol. 2 Pg. 79,
295,NaOH,28.0,30.0,1.3002,nationalresearchcouncil1930,Vol. 2 Pg. 79,
296,NaOH,30.0,30.0,1.3217,nationalresearchcouncil1930,Vol. 2 Pg. 79,
297,NaOH,32.0,30.0,1.3427,nationalresearchcouncil1930,Vol. 2 Pg. 79,
298,NaOH,34.0,30.0,1.3632,nationalresearchcouncil1930,Vol. 2 Pg. 79,
299,NaOH,36.0,30.0,1.3835,nationalresearchcouncil1930,Vol. 2 Pg. 79,
300,NaOH,38.0,30.0,1.4035,nationalresearchcouncil1930,Vol. 2 Pg. 79,
301,NaOH,40.0,30.0,1.4232,nationalresearchcouncil1930,Vol. 2 Pg. 79,
302,NaOH,42.0,30.0,1.4425,nationalresearchcouncil1930,Vol. 2 Pg. 79,
303,NaOH,44.0,30.0,1.4615,nationalresearchcouncil1930,Vol. 2 Pg. 79,
304,NaOH,46.0,30.0,1.4805,nationalresearchcouncil1930,Vol. 2 Pg. 79,
305,NaOH,48.0,30.0,1.4994,nationalresearchcouncil1930,Vol. 2 Pg. 79,
306,NaOH,50.0,30.0,1.5181,nationalresearchcouncil1930,Vol. 2 Pg. 79,
307,NaOH,1.0,40.0,1.0033,nationalresearchcouncil1930,Vol. 2 Pg. 79,
308,NaOH,2.0,40.0,1.0139,nationalresearchcouncil1930,Vol. 2 Pg. 79,
309,NaOH,3.0,40.0,1.0246,nationalresearchcouncil1930,Vol. 2 Pg. 79,
310,NaOH,4.0,40.0,1.0352,nationalresearchcouncil1930,Vol. 2 Pg. 79,
311,NaOH,5.0,40.0,1.0458,nationalresearchcouncil1930,Vol. 2 Pg. 79,
312,NaOH,6.0,40.0,1.0564,nationalresearchcouncil1930,Vol. 2 Pg. 79,
313,NaOH,7.0,40.0,1.0672,nationalresearchcouncil1930,Vol. 2 Pg. 79,
314,NaOH,8.0,40.0,1.078,nationalresearchcouncil1930,Vol. 2 Pg. 79,
315,NaOH,9.0,40.0,1.0887,nationalresearchcouncil1930,Vol. 2 Pg. 79,
316,NaOH,10.0,40.0,1.0995,nationalresearchcouncil1930,Vol. 2 Pg. 79,
317,NaOH,12.0,40.0,1.121,nationalresearchcouncil1930,Vol. 2 Pg. 79,
318,NaOH,14.0,40.0,1.1428,nationalresearchcouncil1930,Vol. 2 Pg. 79,
319,NaOH,16.0,40.0,1.1645,nationalresearchcouncil1930,Vol. 2 Pg. 79,
320,NaOH,18.0,40.0,1.1963,nationalresearchcouncil1930,Vol. 2 Pg. 79,
321,NaOH,20.0,40.0,1.2079,nationalresearchcouncil1930,Vol. 2 Pg. 79,
322,NaOH,22.0,40.0,1.2296,nationalresearchcouncil1930,Vol. 2 Pg. 79,
323,NaOH,24.0,40.0,1.2512,nationalresearchcouncil1930,Vol. 2 Pg. 79,
324,NaOH,26.0,40.0,1.2728,nationalresearchcouncil1930,Vol. 2 Pg. 79,
325,NaOH,28.0,40.0,1.2942,nationalresearchcouncil1930,Vol. 2 Pg. 79,
326,NaOH,30.0,40.0,1.3154,nationalresearchcouncil1930,Vol. 2 Pg. 79,
327,NaOH,32.0,40.0,1.3362,nationalresearchcouncil1930,Vol. 2 Pg. 79,
328,NaOH,34.0,40.0,1.3566,nationalresearchcouncil1930,Vol. 2 Pg. 79,
329,NaOH,36.0,40.0,1.3768,nationalresearchcouncil1930,Vol. 2 Pg. 79,
330,NaOH,38.0,40.0,1.3967,nationalresearchcouncil1930,Vol. 2 Pg. 79,
331,NaOH,40.0,40.0,1.4164,nationalresearchcouncil1930,Vol. 2 Pg. 79,
332,NaOH,42.0,40.0,1.4356,nationalresearchcouncil1930,Vol. 2 Pg. 79,
333,NaOH,44.0,40.0,1.4545,nationalresearchcouncil1930,Vol. 2 Pg. 79,
334,NaOH,46.0,40.0,1.4734,nationalresearchcouncil1930,Vol. 2 Pg. 79,
335,NaOH,48.0,40.0,1.4922,nationalresearchcouncil1930,Vol. 2 Pg. 79,
336,NaOH,50.0,40.0,1.5109,nationalresearchcouncil1930,Vol. 2 Pg. 79,
337,NaOH,1.0,50.0,0.999,nationalresearchcouncil1930,Vol. 2 Pg. 79,
338,NaOH,2.0,50.0,1.0095,nationalresearchcouncil1930,Vol. 2 Pg. 79,
339,NaOH,3.0,50.0,1.0201,nationalresearchcouncil1930,Vol. 2 Pg. 79,
340,NaOH,4.0,50.0,1.0305,nationalresearchcouncil1930,Vol. 2 Pg. 79,
341,NaOH,5.0,50.0,1.0412,nationalresearchcouncil1930,Vol. 2 Pg. 79,
342,NaOH,6.0,50.0,1.0517,nationalresearchcouncil1930,Vol. 2 Pg. 79,
343,NaOH,7.0,50.0,1.0623,nationalresearchcouncil1930,Vol. 2 Pg. 79,
344,NaOH,8.0,50.0,1.073,nationalresearchcouncil1930,Vol. 2 Pg. 79,
345,NaOH,9.0,50.0,1.0836,nationalresearchcouncil1930,Vol. 2 Pg. 79,
346,NaOH,10.0,50.0,1.0942,nationalresearchcouncil1930,Vol. 2 Pg. 79,
347,NaOH,12.0,50.0,1.1157,nationalresearchcouncil1930,Vol. 2 Pg. 79,
348,NaOH,14.0,50.0,1.1373,nationalresearchcouncil1930,Vol. 2 Pg. 79,
349,NaOH,16.0,50.0,1.1588,nationalresearchcouncil1930,Vol. 2 Pg. 79,
350,NaOH,18.0,50.0,1.1805,nationalresearchcouncil1930,Vol. 2 Pg. 79,
351,NaOH,20.0,50.0,1.202,nationalresearchcouncil1930,Vol. 2 Pg. 79,
352,NaOH,22.0,50.0,1.2236,nationalresearchcouncil1930,Vol. 2 Pg. 79,
353,NaOH,24.0,50.0,1.2451,nationalresearchcouncil1930,Vol. 2 Pg. 79,
354,NaOH,26.0,50.0,1.2666,nationalresearchcouncil1930,Vol. 2 Pg. 79,
355,NaOH,28.0,50.0,1.2878,nationalresearchcouncil1930,Vol. 2 Pg. 79,
356,NaOH,30.0,50.0,1.309,nationalresearchcouncil1930,Vol. 2 Pg. 79,
357,NaOH,32.0,50.0,1.3298,nationalresearchcouncil1930,Vol. 2 Pg. 79,
358,NaOH,34.0,50.0,1.3501,nationalresearchcouncil1930,Vol. 2 Pg. 79,
359,NaOH,36.0,50.0,1.3702,nationalresearchcouncil1930,Vol. 2 Pg. 79,
360,NaOH,38.0,50.0,1.39,nationalresearchcouncil1930,Vol. 2 Pg. 79,
361,NaOH,40.0,50.0,1.4095,nationalresearchcouncil1930,Vol. 2 Pg. 79,
362,NaOH,42.0,50.0,1.4287,nationalresearchcouncil1930,Vol. 2 Pg. 79,
363,NaOH,44.0,50.0,1.4475,nationalresearchcouncil1930,Vol. 2 Pg. 79,
364,NaOH,46.0,50.0,1.4663,nationalresearchcouncil1930,Vol. 2 Pg. 79,
365,NaOH,48.0,50.0,1.4851,nationalresearchcouncil1930,Vol. 2 Pg. 79,
366,NaOH,50.0,50.0,1.5038,nationalresearchcouncil1930,Vol. 2 Pg. 79,
367,NaOH,1.0,60.0,0.9941,nationalresearchcouncil1930,Vol. 2 Pg. 79,
368,NaOH,2.0,60.0,1.0045,nationalresearchcouncil1930,Vol. 2 Pg. 79,
369,NaOH,3.0,60.0,1.015,nationalresearchcouncil1930,Vol. 2 Pg. 79,
370,NaOH,4.0,60.0,1.0254,nationalresearchcouncil1930,Vol. 2 Pg. 79,
371,NaOH,5.0,60.0,1.0359,nationalresearchcouncil1930,Vol. 2 Pg. 79,
372,NaOH,6.0,60.0,1.0463,nationalresearchcouncil1930,Vol. 2 Pg. 79,
373,NaOH,7.0,60.0,1.0569,nationalresearchcouncil1930,Vol. 2 Pg. 79,
374,NaOH,8.0,60.0,1.0676,nationalresearchcouncil1930,Vol. 2 Pg. 79,
375,NaOH,9.0,60.0,1.0782,nationalresearchcouncil1930,Vol. 2 Pg. 79,
376,NaOH,10.0,60.0,1.0889,nationalresearchcouncil1930,Vol. 2 Pg. 79,
377,NaOH,12.0,60.0,1.1101,nationalresearchcouncil1930,Vol. 2 Pg. 79,
378,NaOH,14.0,60.0,1.1316,nationalresearchcouncil1930,Vol. 2 Pg. 79,
379,NaOH,16.0,60.0,1.1531,nationalresearchcouncil1930,Vol. 2 Pg. 79,
380,NaOH,18.0,60.0,1.1746,nationalresearchcouncil1930,Vol. 2 Pg. 79,
381,NaOH,20.0,60.0,1.196,nationalresearchcouncil1930,Vol. 2 Pg. 79,
382,NaOH,22.0,60.0,1.2174,nationalresearchcouncil1930,Vol. 2 Pg. 79,
383,NaOH,24.0,60.0,1.2388,nationalresearchcouncil1930,Vol. 2 Pg. 79,
384,NaOH,26.0,60.0,1.2603,nationalresearchcouncil1930,Vol. 2 Pg. 79,
385,NaOH,28.0,60.0,1.2814,nationalresearchcouncil1930,Vol. 2 Pg. 79,
386,NaOH,30.0,60.0,1.3025,nationalresearchcouncil1930,Vol. 2 Pg. 79,
387,NaOH,32.0,60.0,1.3232,nationalresearchcouncil1930,Vol. 2 Pg. 79,
388,NaOH,34.0,60.0,1.3434,nationalresearchcouncil1930,Vol. 2 Pg. 79,
389,NaOH,36.0,60.0,1.3634,nationalresearchcouncil1930,Vol. 2 Pg. 79,
390,NaOH,38.0,60.0,1.3832,nationalresearchcouncil1930,Vol. 2 Pg. 79,
391,NaOH,40.0,60.0,1.4027,nationalresearchcouncil1930,Vol. 2 Pg. 79,
392,NaOH,42.0,60.0,1.4217,nationalresearchcouncil1930,Vol. 2 Pg. 79,
393,NaOH,44.0,60.0,1.4405,nationalresearchcouncil1930,Vol. 2 Pg. 79,
394,NaOH,46.0,60.0,1.4593,nationalresearchcouncil1930,Vol. 2 Pg. 79,
395,NaOH,48.0,60.0,1.4781,nationalresearchcouncil1930,Vol. 2 Pg. 79,
396,NaOH,50.0,60.0,1.4967,nationalresearchcouncil1930,Vol. 2 Pg. 79,
397,NaOH,1.0,70.0,0.9884,nationalresearchcouncil1930,Vol. 2 Pg. 79,
398,NaOH,2.0,70.0,0.9989,nationalresearchcouncil1930,Vol. 2 Pg. 79,
399,NaOH,3.0,70.0,1.0094,nationalresearchcouncil1930,Vol. 2 Pg. 79,
400,NaOH,4.0,70.0,1.0198,nationalresearchcouncil1930,Vol. 2 Pg. 79,
401,NaOH,5.0,70.0,1.0302,nationalresearchcouncil1930,Vol. 2 Pg. 79,
402,NaOH,6.0,70.0,1.0407,nationalresearchcouncil1930,Vol. 2 Pg. 79,
403,NaOH,7.0,70.0,1.0513,nationalresearchcouncil1930,Vol. 2 Pg. 79,
404,NaOH,8.0,70.0,1.0619,nationalresearchcouncil1930,Vol. 2 Pg. 79,
405,NaOH,9.0,70.0,1.0725,nationalresearchcouncil1930,Vol. 2 Pg. 79,
406,NaOH,10.0,70.0,1.0831,nationalresearchcouncil1930,Vol. 2 Pg. 79,
407,NaOH,12.0,70.0,1.1043,nationalresearchcouncil1930,Vol. 2 Pg. 79,
408,NaOH,14.0,70.0,1.1257,nationalresearchcouncil1930,Vol. 2 Pg. 79,
409,NaOH,16.0,70.0,1.1471,nationalresearchcouncil1930,Vol. 2 Pg. 79,
410,NaOH,18.0,70.0,1.1685,nationalresearchcouncil1930,Vol. 2 Pg. 79,
411,NaOH,20.0,70.0,1.1898,nationalresearchcouncil1930,Vol. 2 Pg. 79,
412,NaOH,22.0,70.0,1.2111,nationalresearchcouncil1930,Vol. 2 Pg. 79,
413,NaOH,24.0,70.0,1.2324,nationalresearchcouncil1930,Vol. 2 Pg. 79,
414,NaOH,26.0,70.0,1.2538,nationalresearchcouncil1930,Vol. 2 Pg. 79,
415,NaOH,28.0,70.0,1.275,nationalresearchcouncil1930,Vol. 2 Pg. 79,
416,NaOH,30.0,70.0,1.2959,nationalresearchcouncil1930,Vol. 2 Pg. 79,
417,NaOH,32.0,70.0,1.3165,nationalresearchcouncil1930,Vol. 2 Pg. 79,
418,NaOH,34.0,70.0,1.3367,nationalresearchcouncil1930,Vol. 2 Pg. 79,
419,NaOH,36.0,70.0,1.3567,nationalresearchcouncil1930,Vol. 2 Pg. 79,
420,NaOH,38.0,70.0,1.3763,nationalresearchcouncil1930,Vol. 2 Pg. 79,
421,NaOH,40.0,70.0,1.3958,nationalresearchcouncil1930,Vol. 2 Pg. 79,
422,NaOH,42.0,70.0,1.4148,nationalresearchcouncil1930,Vol. 2 Pg. 79,
423,NaOH,44.0,70.0,1.4335,nationalresearchcouncil1930,Vol. 2 Pg. 79,
424,NaOH,46.0,70.0,1.4523,nationalresearchcouncil1930,Vol. 2 Pg. 79,
425,NaOH,48.0,70.0,1.4711,nationalresearchcouncil1930,Vol. 2 Pg. 79,
426,NaOH,50.0,70.0,1.4897,nationalresearchcouncil1930,Vol. 2 Pg. 79,
427,NaOH,1.0,80.0,0.9824,nationalresearchcouncil1930,Vol. 2 Pg. 79,
428,NaOH,2.0,80.0,0.9929,nationalresearchcouncil1930,Vol. 2 Pg. 79,
429,NaOH,3.0,80.0,1.0035,nationalresearchcouncil1930,Vol. 2 Pg. 79,
430,NaOH,4.0,80.0,1.0139,nationalresearchcouncil1930,Vol. 2 Pg. 79,
431,NaOH,5.0,80.0,1.0243,nationalresearchcouncil1930,Vol. 2 Pg. 79,
432,NaOH,6.0,80.0,1.0347,nationalresearchcouncil1930,Vol. 2 Pg. 79,
433,NaOH,7.0,80.0,1.0453,nationalresearchcouncil1930,Vol. 2 Pg. 79,
434,NaOH,8.0,80.0,1.056,nationalresearchcouncil1930,Vol. 2 Pg. 79,
435,NaOH,9.0,80.0,1.0665,nationalresearchcouncil1930,Vol. 2 Pg. 79,
436,NaOH,10.0,80.0,1.0771,nationalresearchcouncil1930,Vol. 2 Pg. 79,
437,NaOH,12.0,80.0,1.0983,nationalresearchcouncil1930,Vol. 2 Pg. 79,
438,NaOH,14.0,80.0,1.1195,nationalresearchcouncil1930,Vol. 2 Pg. 79,
439,NaOH,16.0,80.0,1.1408,nationalresearchcouncil1930,Vol. 2 Pg. 79,
440,NaOH,18.0,80.0,1.1621,nationalresearchcouncil1930,Vol. 2 Pg. 79,
441,NaOH,20.0,80.0,1.1833,nationalresearchcouncil1930,Vol. 2 Pg. 79,
442,NaOH,22.0,80.0,1.2046,nationalresearchcouncil1930,Vol. 2 Pg. 79,
443,NaOH,24.0,80.0,1.2259,nationalresearchcouncil1930,Vol. 2 Pg. 79,
444,NaOH,26.0,80.0,1.2472,nationalresearchcouncil1930,Vol. 2 Pg. 79,
445,NaOH,28.0,80.0,1.2682,nationalresearchcouncil1930,Vol. 2 Pg. 79,
446,NaOH,30.0,80.0,1.2892,nationalresearchcouncil1930,Vol. 2 Pg. 79,
447,NaOH,32.0,80.0,1.3097,nationalresearchcouncil1930,Vol. 2 Pg. 79,
448,NaOH,34.0,80.0,1.3299,nationalresearchcouncil1930,Vol. 2 Pg. 79,
449,NaOH,36.0,80.0,1.3498,nationalresearchcouncil1930,Vol. 2 Pg. 79,
450,NaOH,38.0,80.0,1.3695,nationalresearchcouncil1930,Vol. 2 Pg. 79,
451,NaOH,40.0,80.0,1.3889,nationalresearchcouncil1930,Vol. 2 Pg. 79,
452,NaOH,42.0,80.0,1.4079,nationalresearchcouncil1930,Vol. 2 Pg. 79,
453,NaOH,44.0,80.0,1.4266,nationalresearchcouncil1930,Vol. 2 Pg. 79,
454,NaOH,46.0,80.0,1.4454,nationalresearchcouncil1930,Vol. 2 Pg. 79,
455,NaOH,48.0,80.0,1.4641,nationalresearchcouncil1930,Vol. 2 Pg. 79,
456,NaOH,50.0,80.0,1.4827,nationalresearchcouncil1930,Vol. 2 Pg. 79,
457,NaOH,1.0,90.0,0.976,nationalresearchcouncil1930,Vol. 2 Pg. 79,
458,NaOH,2.0,90.0,0.9865,nationalresearchcouncil1930,Vol. 2 Pg. 79,
459,NaOH,3.0,90.0,0.997,nationalresearchcouncil1930,Vol. 2 Pg. 79,
460,NaOH,4.0,90.0,1.0075,nationalresearchcouncil1930,Vol. 2 Pg. 79,
461,NaOH,5.0,90.0,1.0179,nationalresearchcouncil1930,Vol. 2 Pg. 79,
462,NaOH,6.0,90.0,1.0284,nationalresearchcouncil1930,Vol. 2 Pg. 79,
463,NaOH,7.0,90.0,1.039,nationalresearchcouncil1930,Vol. 2 Pg. 79,
464,NaOH,8.0,90.0,1.0497,nationalresearchcouncil1930,Vol. 2 Pg. 79,
465,NaOH,9.0,90.0,1.0602,nationalresearchcouncil1930,Vol. 2 Pg. 79,
466,NaOH,10.0,90.0,1.0708,nationalresearchcouncil1930,Vol. 2 Pg. 79,
467,NaOH,12.0,90.0,1.092,nationalresearchcouncil1930,Vol. 2 Pg. 79,
468,NaOH,14.0,90.0,1.1132,nationalresearchcouncil1930,Vol. 2 Pg. 79,
469,NaOH,16.0,90.0,1.1343,nationalresearchcouncil1930,Vol. 2 Pg. 79,
470,NaOH,18.0,90.0,1.1556,nationalresearchcouncil1930,Vol. 2 Pg. 79,
471,NaOH,20.0,90.0,1.1768,nationalresearchcouncil1930,Vol. 2 Pg. 79,
472,NaOH,22.0,90.0,1.198,nationalresearchcouncil1930,Vol. 2 Pg. 79,
473,NaOH,24.0,90.0,1.2192,nationalresearchcouncil1930,Vol. 2 Pg. 79,
474,NaOH,26.0,90.0,1.2405,nationalresearchcouncil1930,Vol. 2 Pg. 79,
475,NaOH,28.0,90.0,1.2615,nationalresearchcouncil1930,Vol. 2 Pg. 79,
476,NaOH,30.0,90.0,1.2824,nationalresearchcouncil1930,Vol. 2 Pg. 79,
477,NaOH,32.0,90.0,1.3029,nationalresearchcouncil1930,Vol. 2 Pg. 79,
478,NaOH,34.0,90.0,1.323,nationalresearchcouncil1930,Vol. 2 Pg. 79,
479,NaOH,36.0,90.0,1.3429,nationalresearchcouncil1930,Vol. 2 Pg. 79,
480,NaOH,38.0,90.0,1.3626,nationalresearchcouncil1930,Vol. 2 Pg. 79,
481,NaOH,40.0,90.0,1.382,nationalresearchcouncil1930,Vol. 2 Pg. 79,
482,NaOH,42.0,90.0,1.4009,nationalresearchcouncil1930,Vol. 2 Pg. 79,
483,NaOH,44.0,90.0,1.4196,nationalresearchcouncil1930,Vol. 2 Pg. 79,
484,NaOH,46.0,90.0,1.4384,nationalresearchcouncil1930,Vol. 2 Pg. 79,
485,NaOH,48.0,90.0,1.4572,nationalresearchcouncil1930,Vol. 2 Pg. 79,
486,NaOH,50.0,90.0,1.4759,nationalresearchcouncil1930,Vol. 2 Pg. 79,
487,NaOH,1.0,100.0,0.9693,nationalresearchcouncil1930,Vol. 2 Pg. 79,
488,NaOH,2.0,100.0,0.9797,nationalresearchcouncil1930,Vol. 2 Pg. 79,
489,NaOH,3.0,100.0,0.9903,nationalresearchcouncil1930,Vol. 2 Pg. 79,
490,NaOH,4.0,100.0,1.0009,nationalresearchcouncil1930,Vol. 2 Pg. 79,
491,NaOH,5.0,100.0,1.0115,nationalresearchcouncil1930,Vol. 2 Pg. 79,
492,NaOH,6.0,100.0,1.022,nationalresearchcouncil1930,Vol. 2 Pg. 79,
493,NaOH,7.0,100.0,1.0326,nationalresearchcouncil1930,Vol. 2 Pg. 79,
494,NaOH,8.0,100.0,1.0432,nationalresearchcouncil1930,Vol. 2 Pg. 79,
495,NaOH,9.0,100.0,1.0537,nationalresearchcouncil1930,Vol. 2 Pg. 79,
496,NaOH,10.0,100.0,1.0643,nationalresearchcouncil1930,Vol. 2 Pg. 79,
497,NaOH,12.0,100.0,1.0855,nationalresearchcouncil1930,Vol. 2 Pg. 79,
498,NaOH,14.0,100.0,1.1066,nationalresearchcouncil1930,Vol. 2 Pg. 79,
499,NaOH,16.0,100.0,1.1277,nationalresearchcouncil1930,Vol. 2 Pg. 79,
500,NaOH,18.0,100.0,1.1489,nationalresearchcouncil1930,Vol. 2 Pg. 79,
501,NaOH,20.0,100.0,1.17,nationalresearchcouncil1930,Vol. 2 Pg. 79,
502,NaOH,22.0,100.0,1.1912,nationalresearchcouncil1930,Vol. 2 Pg. 79,
503,NaOH,24.0,100.0,1.2124,nationalresearchcouncil1930,Vol. 2 Pg. 79,
504,NaOH,26.0,100.0,1.2336,nationalresearchcouncil1930,Vol. 2 Pg. 79,
505,NaOH,28.0,100.0,1.2546,nationalresearchcouncil1930,Vol. 2 Pg. 79,
506,NaOH,30.0,100.0,1.2755,nationalresearchcouncil1930,Vol. 2 Pg. 79,
507,NaOH,32.0,100.0,1.296,nationalresearchcouncil1930,Vol. 2 Pg. 79,
508,NaOH,34.0,100.0,1.3161,nationalresearchcouncil1930,Vol. 2 Pg. 79,
509,NaOH,36.0,100.0,1.336,nationalresearchcouncil1930,Vol. 2 Pg. 79,
510,NaOH,38.0,100.0,1.3556,nationalresearchcouncil1930,Vol. 2 Pg. 79,
511,NaOH,40.0,100.0,1.375,nationalresearchcouncil1930,Vol. 2 Pg. 79,
512,NaOH,42.0,100.0,1.394,nationalresearchcouncil1930,Vol. 2 Pg. 79,
513,NaOH,44.0,100.0,1.4127,nationalresearchcouncil1930,Vol. 2 Pg. 79,
514,NaOH,46.0,100.0,1.4315,nationalresearchcouncil1930,Vol. 2 Pg. 79,
515,NaOH,48.0,100.0,1.4503,nationalresearchcouncil1930,Vol. 2 Pg. 79,
516,NaOH,50.0,100.0,1.469,nationalresearchcouncil1930,Vol. 2 Pg. 79,
517,NaCl,2.71,110.0,0.9697,nationalresearchcouncil1930,Vol. 2 Pg. 80,
518,NaCl,5.32,110.0,0.9868,nationalresearchcouncil1930,Vol. 2 Pg. 80,
519,NaCl,10.88,110.0,1.0269,nationalresearchcouncil1930,Vol. 2 Pg. 80,
520,NaCl,2.71,120.0,0.9618,nationalresearchcouncil1930,Vol. 2 Pg. 80,
521,NaCl,5.32,120.0,0.9791,nationalresearchcouncil1930,Vol. 2 Pg. 80,
522,NaCl,10.88,120.0,1.0189,nationalresearchcouncil1930,Vol. 2 Pg. 80,
523,NaCl,2.71,130.0,0.9537,nationalresearchcouncil1930,Vol. 2 Pg. 80,
524,NaCl,5.32,130.0,0.9709,nationalresearchcouncil1930,Vol. 2 Pg. 80,
525,NaCl,10.88,130.0,1.0115,nationalresearchcouncil1930,Vol. 2 Pg. 80,
526,NaCl,0.01,20.004,0.99830415,nationalresearchcouncil1930,Vol. 2 Pg. 80,
527,NaCl,0.02,20.004,0.99837629,nationalresearchcouncil1930,Vol. 2 Pg. 80,
528,NaCl,0.03,20.004,0.99844808,nationalresearchcouncil1930,Vol. 2 Pg. 80,
529,NaCl,0.04,20.004,0.99852027,nationalresearchcouncil1930,Vol. 2 Pg. 80,
530,NaCl,0.05,20.004,0.99859246,nationalresearchcouncil1930,Vol. 2 Pg. 80,
531,NaCl,0.06,20.004,0.99866466,nationalresearchcouncil1930,Vol. 2 Pg. 80,
532,HCl,1.0,-5.0,1.0048,nationalresearchcouncil1930,Vol. 2 Pg. 54,
533,HCl,2.0,-5.0,1.0104,nationalresearchcouncil1930,Vol. 2 Pg. 54,
534,HCl,4.0,-5.0,1.0213,nationalresearchcouncil1930,Vol. 2 Pg. 54,
535,HCl,6.0,-5.0,1.0321,nationalresearchcouncil1930,Vol. 2 Pg. 54,
536,HCl,8.0,-5.0,1.0428,nationalresearchcouncil1930,Vol. 2 Pg. 54,
537,HCl,10.0,-5.0,1.0536,nationalresearchcouncil1930,Vol. 2 Pg. 54,
538,HCl,12.0,-5.0,1.0645,nationalresearchcouncil1930,Vol. 2 Pg. 54,
539,HCl,14.0,-5.0,1.0754,nationalresearchcouncil1930,Vol. 2 Pg. 54,
540,HCl,16.0,-5.0,1.0864,nationalresearchcouncil1930,Vol. 2 Pg. 54,
541,HCl,18.0,-5.0,1.0975,nationalresearchcouncil1930,Vol. 2 Pg. 54,
542,HCl,20.0,-5.0,1.1087,nationalresearchcouncil1930,Vol. 2 Pg. 54,
543,HCl,22.0,-5.0,1.12,nationalresearchcouncil1930,Vol. 2 Pg. 54,
544,HCl,24.0,-5.0,1.1314,nationalresearchcouncil1930,Vol. 2 Pg. 54,
545,HCl,26.0,-5.0,1.1426,nationalresearchcouncil1930,Vol. 2 Pg. 54,
546,HCl,28.0,-5.0,1.1537,nationalresearchcouncil1930,Vol. 2 Pg. 54,
547,HCl,30.0,-5.0,1.1648,nationalresearchcouncil1930,Vol. 2 Pg. 54,
548,HCl,1.0,0.0,1.0052,nationalresearchcouncil1930,Vol. 2 Pg. 54,
549,HCl,2.0,0.0,1.0106,nationalresearchcouncil1930,Vol. 2 Pg. 54,
550,HCl,4.0,0.0,1.0213,nationalresearchcouncil1930,Vol. 2 Pg. 54,
551,HCl,6.0,0.0,1.0319,nationalresearchcouncil1930,Vol. 2 Pg. 54,
552,HCl,8.0,0.0,1.0423,nationalresearchcouncil1930,Vol. 2 Pg. 54,
553,HCl,10.0,0.0,1.0528,nationalresearchcouncil1930,Vol. 2 Pg. 54,
554,HCl,12.0,0.0,1.0634,nationalresearchcouncil1930,Vol. 2 Pg. 54,
555,HCl,14.0,0.0,1.0741,nationalresearchcouncil1930,Vol. 2 Pg. 54,
556,HCl,16.0,0.0,1.0849,nationalresearchcouncil1930,Vol. 2 Pg. 54,
557,HCl,18.0,0.0,1.0958,nationalresearchcouncil1930,Vol. 2 Pg. 54,
558,HCl,20.0,0.0,1.1067,nationalresearchcouncil1930,Vol. 2 Pg. 54,
559,HCl,22.0,0.0,1.1177,nationalresearchcouncil1930,Vol. 2 Pg. 54,
560,HCl,24.0,0.0,1.1287,nationalresearchcouncil1930,Vol. 2 Pg. 54,
561,HCl,26.0,0.0,1.1396,nationalresearchcouncil1930,Vol. 2 Pg. 54,
562,HCl,28.0,0.0,1.1505,nationalresearchcouncil1930,Vol. 2 Pg. 54,
563,HCl,30.0,0.0,1.1613,nationalresearchcouncil1930,Vol. 2 Pg. 54,
564,HCl,1.0,10.0,1.0048,nationalresearchcouncil1930,Vol. 2 Pg. 54,
565,HCl,2.0,10.0,1.01,nationalresearchcouncil1930,Vol. 2 Pg. 54,
566,HCl,4.0,10.0,1.0202,nationalresearchcouncil1930,Vol. 2 Pg. 54,
567,HCl,6.0,10.0,1.0303,nationalresearchcouncil1930,Vol. 2 Pg. 54,
568,HCl,8.0,10.0,1.0403,nationalresearchcouncil1930,Vol. 2 Pg. 54,
569,HCl,10.0,10.0,1.0504,nationalresearchcouncil1930,Vol. 2 Pg. 54,
570,HCl,12.0,10.0,1.0607,nationalresearchcouncil1930,Vol. 2 Pg. 54,
571,HCl,14.0,10.0,1.0711,nationalresearchcouncil1930,Vol. 2 Pg. 54,
572,HCl,16.0,10.0,1.0815,nationalresearchcouncil1930,Vol. 2 Pg. 54,
573,HCl,18.0,10.0,1.092,nationalresearchcouncil1930,Vol. 2 Pg. 54,
574,HCl,20.0,10.0,1.1025,nationalresearchcouncil1930,Vol. 2 Pg. 54,
575,HCl,22.0,10.0,1.1131,nationalresearchcouncil1930,Vol. 2 Pg. 54,
576,HCl,24.0,10.0,1.1238,nationalresearchcouncil1930,Vol. 2 Pg. 54,
577,HCl,26.0,10.0,1.1344,nationalresearchcouncil1930,Vol. 2 Pg. 54,
578,HCl,28.0,10.0,1.1449,nationalresearchcouncil1930,Vol. 2 Pg. 54,
579,HCl,30.0,10.0,1.1553,nationalresearchcouncil1930,Vol. 2 Pg. 54,
580,HCl,1.0,20.0,1.0032,nationalresearchcouncil1930,Vol. 2 Pg. 54,
581,HCl,2.0,20.0,1.0082,nationalresearchcouncil1930,Vol. 2 Pg. 54,
582,HCl,4.0,20.0,1.0181,nationalresearchcouncil1930,Vol. 2 Pg. 54,
583,HCl,6.0,20.0,1.0279,nationalresearchcouncil1930,Vol. 2 Pg. 54,
584,HCl,8.0,20.0,1.0376,nationalresearchcouncil1930,Vol. 2 Pg. 54,
585,HCl,10.0,20.0,1.0474,nationalresearchcouncil1930,Vol. 2 Pg. 54,
586,HCl,12.0,20.0,1.0574,nationalresearchcouncil1930,Vol. 2 Pg. 54,
587,HCl,14.0,20.0,1.0675,nationalresearchcouncil1930,Vol. 2 Pg. 54,
588,HCl,16.0,20.0,1.0776,nationalresearchcouncil1930,Vol. 2 Pg. 54,
589,HCl,18.0,20.0,1.0878,nationalresearchcouncil1930,Vol. 2 Pg. 54,
590,HCl,20.0,20.0,1.098,nationalresearchcouncil1930,Vol. 2 Pg. 54,
591,HCl,22.0,20.0,1.1083,nationalresearchcouncil1930,Vol. 2 Pg. 54,
592,HCl,24.0,20.0,1.1187,nationalresearchcouncil1930,Vol. 2 Pg. 54,
593,HCl,26.0,20.0,1.129,nationalresearchcouncil1930,Vol. 2 Pg. 54,
594,HCl,28.0,20.0,1.1392,nationalresearchcouncil1930,Vol. 2 Pg. 54,
595,HCl,30.0,20.0,1.1493,nationalresearchcouncil1930,Vol. 2 Pg. 54,
596,HCl,32.0,20.0,1.1593,nationalresearchcouncil1930,Vol. 2 Pg. 54,
597,HCl,34.0,20.0,1.1691,nationalresearchcouncil1930,Vol. 2 Pg. 54,
598,HCl,36.0,20.0,1.1789,nationalresearchcouncil1930,Vol. 2 Pg. 54,
599,HCl,38.0,20.0,1.1885,nationalresearchcouncil1930,Vol. 2 Pg. 54,
600,HCl,40.0,20.0,1.198,nationalresearchcouncil1930,Vol. 2 Pg. 54,
601,HCl,1.0,25.0,1.002,nationalresearchcouncil1930,Vol. 2 Pg. 54,
602,HCl,2.0,25.0,1.0069,nationalresearchcouncil1930,Vol. 2 Pg. 54,
603,HCl,4.0,25.0,1.0167,nationalresearchcouncil1930,Vol. 2 Pg. 54,
604,HCl,6.0,25.0,1.0264,nationalresearchcouncil1930,Vol. 2 Pg. 54,
605,HCl,8.0,25.0,1.036,nationalresearchcouncil1930,Vol. 2 Pg. 54,
606,HCl,10.0,25.0,1.0457,nationalresearchcouncil1930,Vol. 2 Pg. 54,
607,HCl,12.0,25.0,1.0556,nationalresearchcouncil1930,Vol. 2 Pg. 54,
608,HCl,14.0,25.0,1.0656,nationalresearchcouncil1930,Vol. 2 Pg. 54,
609,HCl,16.0,25.0,1.0756,nationalresearchcouncil1930,Vol. 2 Pg. 54,
610,HCl,18.0,25.0,1.0856,nationalresearchcouncil1930,Vol. 2 Pg. 54,
611,HCl,20.0,25.0,1.0957,nationalresearchcouncil1930,Vol. 2 Pg. 54,
612,HCl,22.0,25.0,1.1059,nationalresearchcouncil1930,Vol. 2 Pg. 54,
613,HCl,24.0,25.0,1.1162,nationalresearchcouncil1930,Vol. 2 Pg. 54,
614,HCl,26.0,25.0,1.1264,nationalresearchcouncil1930,Vol. 2 Pg. 54,
615,HCl,28.0,25.0,1.1365,nationalresearchcouncil1930,Vol. 2 Pg. 54,
616,HCl,30.0,25.0,1.1465,nationalresearchcouncil1930,Vol. 2 Pg. 54,
617,HCl,1.0,30.0,1.0006,nationalresearchcouncil1930,Vol. 2 Pg. 54,
618,HCl,2.0,30.0,1.0055,nationalresearchcouncil1930,Vol. 2 Pg. 54,
619,HCl,4.0,30.0,1.0152,nationalresearchcouncil1930,Vol. 2 Pg. 54,
620,HCl,6.0,30.0,1.0248,nationalresearchcouncil1930,Vol. 2 Pg. 54,
621,HCl,8.0,30.0,1.0343,nationalresearchcouncil1930,Vol. 2 Pg. 54,
622,HCl,10.0,30.0,1.0439,nationalresearchcouncil1930,Vol. 2 Pg. 54,
623,HCl,12.0,30.0,1.0537,nationalresearchcouncil1930,Vol. 2 Pg. 54,
624,HCl,14.0,30.0,1.0636,nationalresearchcouncil1930,Vol. 2 Pg. 54,
625,HCl,16.0,30.0,1.0735,nationalresearchcouncil1930,Vol. 2 Pg. 54,
626,HCl,18.0,30.0,1.0834,nationalresearchcouncil1930,Vol. 2 Pg. 54,
627,HCl,20.0,30.0,1.0934,nationalresearchcouncil1930,Vol. 2 Pg. 54,
628,HCl,22.0,30.0,1.1034,nationalresearchcouncil1930,Vol. 2 Pg. 54,
629,HCl,24.0,30.0,1.1135,nationalresearchcouncil1930,Vol. 2 Pg. 54,
630,HCl,26.0,30.0,1.1236,nationalresearchcouncil1930,Vol. 2 Pg. 54,
631,HCl,28.0,30.0,1.1336,nationalresearchcouncil1930,Vol. 2 Pg. 54,
632,HCl,30.0,30.0,1.1435,nationalresearchcouncil1930,Vol. 2 Pg. 54,
633,HCl,1.0,40.0,0.997,nationalresearchcouncil1930,Vol. 2 Pg. 54,
634,HCl,2.0,40.0,1.0019,nationalresearchcouncil1930,Vol. 2 Pg. 54,
635,HCl,4.0,40.0,1.0116,nationalresearchcouncil1930,Vol. 2 Pg. 54,
636,HCl,6.0,40.0,1.0211,nationalresearchcouncil1930,Vol. 2 Pg. 54,
637,HCl,8.0,40.0,1.0305,nationalresearchcouncil1930,Vol. 2 Pg. 54,
638,HCl,10.0,40.0,1.04,nationalresearchcouncil1930,Vol. 2 Pg. 54,
639,HCl,12.0,40.0,1.0497,nationalresearchcouncil1930,Vol. 2 Pg. 54,
640,HCl,14.0,40.0,1.0594,nationalresearchcouncil1930,Vol. 2 Pg. 54,
641,HCl,16.0,40.0,1.0692,nationalresearchcouncil1930,Vol. 2 Pg. 54,
642,HCl,18.0,40.0,1.079,nationalresearchcouncil1930,Vol. 2 Pg. 54,
643,HCl,20.0,40.0,1.0888,nationalresearchcouncil1930,Vol. 2 Pg. 54,
644,HCl,22.0,40.0,1.0986,nationalresearchcouncil1930,Vol. 2 Pg. 54,
645,HCl,24.0,40.0,1.1085,nationalresearchcouncil1930,Vol. 2 Pg. 54,
646,HCl,26.0,40.0,1.1183,nationalresearchcouncil1930,Vol. 2 Pg. 54,
647,HCl,28.0,40.0,1.128,nationalresearchcouncil1930,Vol. 2 Pg. 54,
648,HCl,30.0,40.0,1.1376,nationalresearchcouncil1930,Vol. 2 Pg. 54,
649,HCl,1.0,50.0,0.9929,nationalresearchcouncil1930,Vol. 2 Pg. 54,
650,HCl,2.0,50.0,0.9977,nationalresearchcouncil1930,Vol. 2 Pg. 54,
651,HCl,4.0,50.0,1.0073,nationalresearchcouncil1930,Vol. 2 Pg. 54,
652,HCl,6.0,50.0,1.0168,nationalresearchcouncil1930,Vol. 2 Pg. 54,
653,HCl,8.0,50.0,1.0262,nationalresearchcouncil1930,Vol. 2 Pg. 54,
654,HCl,10.0,50.0,1.0357,nationalresearchcouncil1930,Vol. 2 Pg. 54,
655,HCl,12.0,50.0,1.0453,nationalresearchcouncil1930,Vol. 2 Pg. 54,
656,HCl,14.0,50.0,1.0549,nationalresearchcouncil1930,Vol. 2 Pg. 54,
657,HCl,16.0,50.0,1.0646,nationalresearchcouncil1930,Vol. 2 Pg. 54,
658,HCl,18.0,50.0,1.0743,nationalresearchcouncil1930,Vol. 2 Pg. 54,
659,HCl,20.0,50.0,1.084,nationalresearchcouncil1930,Vol. 2 Pg. 54,
660,HCl,22.0,50.0,1.0937,nationalresearchcouncil1930,Vol. 2 Pg. 54,
661,HCl,24.0,50.0,1.1033,nationalresearchcouncil1930,Vol. 2 Pg. 54,
662,HCl,26.0,50.0,1.1129,nationalresearchcouncil1930,Vol. 2 Pg. 54,
663,HCl,28.0,50.0,1.1224,nationalresearchcouncil1930,Vol. 2 Pg. 54,
664,HCl,30.0,50.0,1.1318,nationalresearchcouncil1930,Vol. 2 Pg. 54,
665,HCl,1.0,60.0,0.9881,nationalresearchcouncil1930,Vol. 2 Pg. 54,
666,HCl,2.0,60.0,0.993,nationalresearchcouncil1930,Vol. 2 Pg. 54,
667,HCl,4.0,60.0,1.0026,nationalresearchcouncil1930,Vol. 2 Pg. 54,
668,HCl,6.0,60.0,1.0121,nationalresearchcouncil1930,Vol. 2 Pg. 54,
669,HCl,8.0,60.0,1.0215,nationalresearchcouncil1930,Vol. 2 Pg. 54,
670,HCl,10.0,60.0,1.031,nationalresearchcouncil1930,Vol. 2 Pg. 54,
671,HCl,12.0,60.0,1.0406,nationalresearchcouncil1930,Vol. 2 Pg. 54,
672,HCl,14.0,60.0,1.0502,nationalresearchcouncil1930,Vol. 2 Pg. 54,
673,HCl,16.0,60.0,1.0598,nationalresearchcouncil1930,Vol. 2 Pg. 54,
674,HCl,18.0,60.0,1.0694,nationalresearchcouncil1930,Vol. 2 Pg. 54,
675,HCl,20.0,60.0,1.079,nationalresearchcouncil1930,Vol. 2 Pg. 54,
676,HCl,22.0,60.0,1.0886,nationalresearchcouncil1930,Vol. 2 Pg. 54,
677,HCl,24.0,60.0,1.0982,nationalresearchcouncil1930,Vol. 2 Pg. 54,
678,HCl,26.0,60.0,1.1076,nationalresearchcouncil1930,Vol. 2 Pg. 54,
679,HCl,28.0,60.0,1.1169,nationalresearchcouncil1930,Vol. 2 Pg. 54,
680,HCl,30.0,60.0,1.126,nationalresearchcouncil1930,Vol. 2 Pg. 54,
681,HCl,1.0,80.0,0.9768,nationalresearchcouncil1930,Vol. 2 Pg. 54,
682,HCl,2.0,80.0,0.9819,nationalresearchcouncil1930,Vol. 2 Pg. 54,
683,HCl,4.0,80.0,0.9919,nationalresearchcouncil1930,Vol. 2 Pg. 54,
684,HCl,6.0,80.0,1.0016,nationalresearchcouncil1930,Vol. 2 Pg. 54,
685,HCl,8.0,80.0,1.0111,nationalresearchcouncil1930,Vol. 2 Pg. 54,
686,HCl,10.0,80.0,1.0206,nationalresearchcouncil1930,Vol. 2 Pg. 54,
687,HCl,12.0,80.0,1.0302,nationalresearchcouncil1930,Vol. 2 Pg. 54,
688,HCl,14.0,80.0,1.0398,nationalresearchcouncil1930,Vol. 2 Pg. 54,
689,HCl,16.0,80.0,1.0494,nationalresearchcouncil1930,Vol. 2 Pg. 54,
690,HCl,18.0,80.0,1.059,nationalresearchcouncil1930,Vol. 2 Pg. 54,
691,HCl,20.0,80.0,1.0685,nationalresearchcouncil1930,Vol. 2 Pg. 54,
692,HCl,22.0,80.0,1.078,nationalresearchcouncil1930,Vol. 2 Pg. 54,
693,HCl,24.0,80.0,1.0874,nationalresearchcouncil1930,Vol. 2 Pg. 54,
694,HCl,26.0,80.0,1.0967,nationalresearchcouncil1930,Vol. 2 Pg. 54,
695,HCl,28.0,80.0,1.1058,nationalresearchcouncil1930,Vol. 2 Pg. 54,
696,HCl,30.0,80.0,1.1149,nationalresearchcouncil1930,Vol. 2 Pg. 54,
697,HCl,1.0,100.0,0.9636,nationalresearchcouncil1930,Vol. 2 Pg. 54,
698,HCl,2.0,100.0,0.9688,nationalresearchcouncil1930,Vol. 2 Pg. 54,
699,HCl,4.0,100.0,0.9791,nationalresearchcouncil1930,Vol. 2 Pg. 54,
700,HCl,6.0,100.0,0.9892,nationalresearchcouncil1930,Vol. 2 Pg. 54,
701,HCl,8.0,100.0,0.9992,nationalresearchcouncil1930,Vol. 2 Pg. 54,
702,HCl,10.0,100.0,1.009,nationalresearchcouncil1930,Vol. 2 Pg. 54,
703,HCl,12.0,100.0,1.0188,nationalresearchcouncil1930,Vol. 2 Pg. 54,
704,HCl,14.0,100.0,1.0286,nationalresearchcouncil1930,Vol. 2 Pg. 54,
705,HCl,16.0,100.0,1.0383,nationalresearchcouncil1930,Vol. 2 Pg. 54,
706,HCl,18.0,100.0,1.0479,nationalresearchcouncil1930,Vol. 2 Pg. 54,
707,HCl,20.0,100.0,1.0574,nationalresearchcouncil1930,Vol. 2 Pg. 54,
708,HCl,22.0,100.0,1.0668,nationalresearchcouncil1930,Vol. 2 Pg. 54,
709,HCl,24.0,100.0,1.0761,nationalresearchcouncil1930,Vol. 2 Pg. 54,
710,HCl,26.0,100.0,1.0853,nationalresearchcouncil1930,Vol. 2 Pg. 54,
711,HCl,28.0,100.0,1.0942,nationalresearchcouncil1930,Vol. 2 Pg. 54,
712,HCl,30.0,100.0,1.103,nationalresearchcouncil1930,Vol. 2 Pg. 54,
713,HCl,0.2,17.15,0.999802,nationalresearchcouncil1930,Vol. 2 Pg. 54,
714,HCl,0.4,17.15,1.000819,nationalresearchcouncil1930,Vol. 2 Pg. 54,
715,HCl,0.6,17.15,1.00183,nationalresearchcouncil1930,Vol. 2 Pg. 54,
716,HCl,0.8,17.15,1.002837,nationalresearchcouncil1930,Vol. 2 Pg. 54,
717,HCl,1.0,17.15,1.003842,nationalresearchcouncil1930,Vol. 2 Pg. 54,
718,HCl,1.2,17.15,1.004845,nationalresearchcouncil1930,Vol. 2 Pg. 54,
719,HCl,1.4,17.15,1.005846,nationalresearchcouncil1930,Vol. 2 Pg. 54,
720,HCl,1.6,17.15,1.006845,nationalresearchcouncil1930,Vol. 2 Pg. 54,
721,HCl,1.8,17.15,1.007842,nationalresearchcouncil1930,Vol. 2 Pg. 54,
722,HCl,2.0,17.15,1.008837,nationalresearchcouncil1930,Vol. 2 Pg. 54,
723,HCl,3.38,110.0,0.9669,nationalresearchcouncil1930,Vol. 2 Pg. 54,
724,HCl,3.38,120.0,0.9606,nationalresearchcouncil1930,Vol. 2 Pg. 54,
725,HCl,3.38,130.0,0.9537,nationalresearchcouncil1930,Vol. 2 Pg. 54,
726,HCl,3.38,140.0,0.9456,nationalresearchcouncil1930,Vol. 2 Pg. 54,
727,NaCl,1.5,18.55,1.009274,nationalresearchcouncil1930,Vol. 2 Pg. 79,
728,NaCl,3.0,18.55,1.020024,nationalresearchcouncil1930,Vol. 2 Pg. 79,
729,NaCl,2.0,18.55,1.012856,nationalresearchcouncil1930,Vol. 2 Pg. 79,
730,NaCl,2.5,18.55,1.01644,nationalresearchcouncil1930,Vol. 2 Pg. 79,
731,NaCl,0.5,18.55,1.002112,nationalresearchcouncil1930,Vol. 2 Pg. 79,
732,NaCl,1.0,18.55,1.005694,nationalresearchcouncil1930,Vol. 2 Pg. 79,
733,NaCl,1.0,14.07,1.006506,nationalresearchcouncil1930,Vol. 2 Pg. 79,
734,NaCl,1.5,14.07,1.01012,nationalresearchcouncil1930,Vol. 2 Pg. 79,
735,NaCl,0.5,14.07,1.002886,nationalresearchcouncil1930,Vol. 2 Pg. 79,
736,NaOH,36.0,0.0,1.403,nationalresearchcouncil1930,Vol. 2 Pg. 79,supersaturated
737,NaOH,40.0,0.0,1.4435,nationalresearchcouncil1930,Vol. 2 Pg. 79,supersaturated
738,NaOH,46.0,0.0,1.5018,nationalresearchcouncil1930,Vol. 2 Pg. 79,supersaturated
739,NaOH,48.0,10.0,1.5138,nationalresearchcouncil1930,Vol. 2 Pg. 79,supersaturated
740,NaOH,30.0,0.0,1.34,nationalresearchcouncil1930,Vol. 2 Pg. 79,supersaturated
741,NaOH,48.0,0.0,1.521,nationalresearchcouncil1930,Vol. 2 Pg. 79,supersaturated
742,NaOH,46.0,10.0,1.4947,nationalresearchcouncil1930,Vol. 2 Pg. 79,supersaturated
743,NaOH,50.0,0.0,1.54,nationalresearchcouncil1930,Vol. 2 Pg. 79,supersaturated
744,NaOH,50.0,10.0,1.5326,nationalresearchcouncil1930,Vol. 2 Pg. 79,supersaturated
745,NaOH,32.0,0.0,1.3614,nationalresearchcouncil1930,Vol. 2 Pg. 79,supersaturated
746,NaOH,44.0,0.0,1.4825,nationalresearchcouncil1930,Vol. 2 Pg. 79,supersaturated
747,NaOH,38.0,0.0,1.4234,nationalresearchcouncil1930,Vol. 2 Pg. 79,supersaturated
748,NaOH,34.0,0.0,1.3823,nationalresearchcouncil1930,Vol. 2 Pg. 79,supersaturated
749,NaOH,42.0,0.0,1.4632,nationalresearchcouncil1930,Vol. 2 Pg. 79,supersaturated
750,None,0.0,0.0,0.9998679,nationalresearchcouncil1930,Vol. 2 Pg. 25,
751,None,0.0,0.1,0.9998746,nationalresearchcouncil1930,Vol. 2 Pg. 25,
752,None,0.0,0.2,0.9998811,nationalresearchcouncil1930,Vol. 2 Pg. 25,
753,None,0.0,0.3,0.9998874,nationalresearchcouncil1930,Vol. 2 Pg. 25,
754,None,0.0,0.4,0.9998935,nationalresearchcouncil1930,Vol. 2 Pg. 25,
755,None,0.0,0.5,0.9998995,nationalresearchcouncil1930,Vol. 2 Pg. 25,
756,None,0.0,0.6,0.9999053,nationalresearchcouncil1930,Vol. 2 Pg. 25,
757,None,0.0,0.7,0.9999109,nationalresearchcouncil1930,Vol. 2 Pg. 25,
758,None,0.0,0.8,0.9999163,nationalresearchcouncil1930,Vol. 2 Pg. 25,
759,None,0.0,0.9,0.9999216,nationalresearchcouncil1930,Vol. 2 Pg. 25,
760,None,0.0,1.0,0.9999267,nationalresearchcouncil1930,Vol. 2 Pg. 25,
761,None,0.0,1.1,0.9999315,nationalresearchcouncil1930,Vol. 2 Pg. 25,
762,None,0.0,1.2,0.9999363,nationalresearchcouncil1930,Vol. 2 Pg. 25,
763,None,0.0,1.3,0.9999408,nationalresearchcouncil1930,Vol. 2 Pg. 25,
764,None,0.0,1.4,0.9999452,nationalresearchcouncil1930,Vol. 2 Pg. 25,
765,None,0.0,1.5,0.9999494,nationalresearchcouncil1930,Vol. 2 Pg. 25,
766,None,0.0,1.6,0.9999534,nationalresearchcouncil1930,Vol. 2 Pg. 25,
767,None,0.0,1.7,0.9999573,nationalresearchcouncil1930,Vol. 2 Pg. 25,
768,None,0.0,1.8,0.999961,nationalresearchcouncil1930,Vol. 2 Pg. 25,
769,None,0.0,1.9,0.9999645,nationalresearchcouncil1930,Vol. 2 Pg. 25,
770,None,0.0,2.0,0.9999679,nationalresearchcouncil1930,Vol. 2 Pg. 25,
771,None,0.0,2.1,0.9999711,nationalresearchcouncil1930,Vol. 2 Pg. 25,
772,None,0.0,2.2,0.9999741,nationalresearchcouncil1930,Vol. 2 Pg. 25,
773,None,0.0,2.3,0.9999769,nationalresearchcouncil1930,Vol. 2 Pg. 25,
774,None,0.0,2.4,0.9999796,nationalresearchcouncil1930,Vol. 2 Pg. 25,
775,None,0.0,2.5,0.9999821,nationalresearchcouncil1930,Vol. 2 Pg. 25,
776,None,0.0,2.6,0.9999844,nationalresearchcouncil1930,Vol. 2 Pg. 25,
777,None,0.0,2.7,0.9999866,nationalresearchcouncil1930,Vol. 2 Pg. 25,
778,None,0.0,2.8,0.9999887,nationalresearchcouncil1930,Vol. 2 Pg. 25,
779,None,0.0,2.9,0.9999905,nationalresearchcouncil1930,Vol. 2 Pg. 25,
780,None,0.0,3.0,0.9999922,nationalresearchcouncil1930,Vol. 2 Pg. 25,
781,None,0.0,3.1,0.9999937,nationalresearchcouncil1930,Vol. 2 Pg. 25,
782,None,0.0,3.2,0.9999951,nationalresearchcouncil1930,Vol. 2 Pg. 25,
783,None,0.0,3.3,0.9999962,nationalresearchcouncil1930,Vol. 2 Pg. 25,
784,None,0.0,3.4,0.9999973,nationalresearchcouncil1930,Vol. 2 Pg. 25,
785,None,0.0,3.5,0.9999981,nationalresearchcouncil1930,Vol. 2 Pg. 25,
786,None,0.0,3.6,0.9999988,nationalresearchcouncil1930,Vol. 2 Pg. 25,
787,None,0.0,3.7,0.9999994,nationalresearchcouncil1930,Vol. 2 Pg. 25,
788,None,0.0,3.8,0.9999998,nationalresearchcouncil1930,Vol. 2 Pg. 25,
789,None,0.0,3.9,1.0,nationalresearchcouncil1930,Vol. 2 Pg. 25,
790,None,0.0,4.0,1.0,nationalresearchcouncil1930,Vol. 2 Pg. 25,
791,None,0.0,4.1,0.9999999,nationalresearchcouncil1930,Vol. 2 Pg. 25,
792,None,0.0,4.2,0.9999996,nationalresearchcouncil1930,Vol. 2 Pg. 25,
793,None,0.0,4.3,0.9999992,nationalresearchcouncil1930,Vol. 2 Pg. 25,
794,None,0.0,4.4,0.9999986,nationalresearchcouncil1930,Vol. 2 Pg. 25,
795,None,0.0,4.5,0.9999979,nationalresearchcouncil1930,Vol. 2 Pg. 25,
796,None,0.0,4.6,0.999997,nationalresearchcouncil1930,Vol. 2 Pg. 25,
797,None,0.0,4.7,0.999996,nationalresearchcouncil1930,Vol. 2 Pg. 25,
798,None,0.0,4.8,0.9999947,nationalresearchcouncil1930,Vol. 2 Pg. 25,
799,None,0.0,4.9,0.9999934,nationalresearchcouncil1930,Vol. 2 Pg. 25,
800,None,0.0,5.0,0.9999919,nationalresearchcouncil1930,Vol. 2 Pg. 25,
801,None,0.0,5.1,0.9999902,nationalresearchcouncil1930,Vol. 2 Pg. 25,
802,None,0.0,5.2,0.9999883,nationalresearchcouncil1930,Vol. 2 Pg. 25,
803,None,0.0,5.3,0.9999864,nationalresearchcouncil1930,Vol. 2 Pg. 25,
804,None,0.0,5.4,0.9999842,nationalresearchcouncil1930,Vol. 2 Pg. 25,
805,None,0.0,5.5,0.9999819,nationalresearchcouncil1930,Vol. 2 Pg. 25,
806,None,0.0,5.6,0.9999795,nationalresearchcouncil1930,Vol. 2 Pg. 25,
807,None,0.0,5.7,0.9999769,nationalresearchcouncil1930,Vol. 2 Pg. 25,
808,None,0.0,5.8,0.9999741,nationalresearchcouncil1930,Vol. 2 Pg. 25,
809,None,0.0,5.9,0.9999712,nationalresearchcouncil1930,Vol. 2 Pg. 25,
810,None,0.0,6.0,0.9999681,nationalresearchcouncil1930,Vol. 2 Pg. 25,
811,None,0.0,6.1,0.9999649,nationalresearchcouncil1930,Vol. 2 Pg. 25,
812,None,0.0,6.2,0.9999616,nationalresearchcouncil1930,Vol. 2 Pg. 25,
813,None,0.0,6.3,0.9999581,nationalresearchcouncil1930,Vol. 2 Pg. 25,
814,None,0.0,6.4,0.9999544,nationalresearchcouncil1930,Vol. 2 Pg. 25,
815,None,0.0,6.5,0.9999506,nationalresearchcouncil1930,Vol. 2 Pg. 25,
816,None,0.0,6.6,0.9999467,nationalresearchcouncil1930,Vol. 2 Pg. 25,
817,None,0.0,6.7,0.9999426,nationalresearchcouncil1930,Vol. 2 Pg. 25,
818,None,0.0,6.8,0.9999384,nationalresearchcouncil1930,Vol. 2 Pg. 25,
819,None,0.0,6.9,0.999934,nationalresearchcouncil1930,Vol. 2 Pg. 25,
820,None,0.0,7.0,0.9999295,nationalresearchcouncil1930,Vol. 2 Pg. 25,
821,None,0.0,7.1,0.9999248,nationalresearchcouncil1930,Vol. 2 Pg. 25,
822,None,0.0,7.2,0.99992,nationalresearchcouncil1930,Vol. 2 Pg. 25,
823,None,0.0,7.3,0.999915,nationalresearchcouncil1930,Vol. 2 Pg. 25,
824,None,0.0,7.4,0.9999099,nationalresearchcouncil1930,Vol. 2 Pg. 25,
825,None,0.0,7.5,0.9999046,nationalresearchcouncil1930,Vol. 2 Pg. 25,
826,None,0.0,7.6,0.9998992,nationalresearchcouncil1930,Vol. 2 Pg. 25,
827,None,0.0,7.7,0.9998936,nationalresearchcouncil1930,Vol. 2 Pg. 25,
828,None,0.0,7.8,0.9998879,nationalresearchcouncil1930,Vol. 2 Pg. 25,
829,None,0.0,7.9,0.9998821,nationalresearchcouncil1930,Vol. 2 Pg. 25,
830,None,0.0,8.0,0.9998762,nationalresearchcouncil1930,Vol. 2 Pg. 25,
831,None,0.0,8.1,0.9998701,nationalresearchcouncil1930,Vol. 2 Pg. 25,
832,None,0.0,8.2,0.9998638,nationalresearchcouncil1930,Vol. 2 Pg. 25,
833,None,0.0,8.3,0.9998574,nationalresearchcouncil1930,Vol. 2 Pg. 25,
834,None,0.0,8.4,0.9998509,nationalresearchcouncil1930,Vol. 2 Pg. 25,
835,None,0.0,8.5,0.9998442,nationalresearchcouncil1930,Vol. 2 Pg. 25,
836,None,0.0,8.6,0.9998374,nationalresearchcouncil1930,Vol. 2 Pg. 25,
837,None,0.0,8.7,0.9998305,nationalresearchcouncil1930,Vol. 2 Pg. 25,
838,None,0.0,8.8,0.9998234,nationalresearchcouncil1930,Vol. 2 Pg. 25,
839,None,0.0,8.9,0.9998162,nationalresearchcouncil1930,Vol. 2 Pg. 25,
840,None,0.0,9.0,0.9998088,nationalresearchcouncil1930,Vol. 2 Pg. 25,
841,None,0.0,9.1,0.9998013,nationalresearchcouncil1930,Vol. 2 Pg. 25,
842,None,0.0,9.2,0.9997936,nationalresearchcouncil1930,Vol. 2 Pg. 25,
843,None,0.0,9.3,0.9997859,nationalresearchcouncil1930,Vol. 2 Pg. 25,
844,None,0.0,9.4,0.999778,nationalresearchcouncil1930,Vol. 2 Pg. 25,
845,None,0.0,9.5,0.9997699,nationalresearchcouncil1930,Vol. 2 Pg. 25,
846,None,0.0,9.6,0.9997617,nationalresearchcouncil1930,Vol. 2 Pg. 25,
847,None,0.0,9.7,0.9997534,nationalresearchcouncil1930,Vol. 2 Pg. 25,
848,None,0.0,9.8,0.999745,nationalresearchcouncil1930,Vol. 2 Pg. 25,
849,None,0.0,9.9,0.9997364,nationalresearchcouncil1930,Vol. 2 Pg. 25,
850,None,0.0,10.0,0.9997277,nationalresearchcouncil1930,Vol. 2 Pg. 25,
851,None,0.0,10.1,0.9997189,nationalresearchcouncil1930,Vol. 2 Pg. 25,
852,None,0.0,10.2,0.9997099,nationalresearchcouncil1930,Vol. 2 Pg. 25,
853,None,0.0,10.3,0.9997008,nationalresearchcouncil1930,Vol. 2 Pg. 25,
854,None,0.0,10.4,0.9996915,nationalresearchcouncil1930,Vol. 2 Pg. 25,
855,None,0.0,10.5,0.999682,nationalresearchcouncil1930,Vol. 2 Pg. 25,
856,None,0.0,10.6,0.9996724,nationalresearchcouncil1930,Vol. 2 Pg. 25,
857,None,0.0,10.7,0.9996627,nationalresearchcouncil1930,Vol. 2 Pg. 25,
858,None,0.0,10.8,0.9996529,nationalresearchcouncil1930,Vol. 2 Pg. 25,
859,None,0.0,10.9,0.9996428,nationalresearchcouncil1930,Vol. 2 Pg. 25,
860,None,0.0,11.0,0.9996328,nationalresearchcouncil1930,Vol. 2 Pg. 25,
861,None,0.0,11.1,0.9996225,nationalresearchcouncil1930,Vol. 2 Pg. 25,
862,None,0.0,11.2,0.9996121,nationalresearchcouncil1930,Vol. 2 Pg. 25,
863,None,0.0,11.3,0.9996017,nationalresearchcouncil1930,Vol. 2 Pg. 25,
864,None,0.0,11.4,0.9995911,nationalresearchcouncil1930,Vol. 2 Pg. 25,
865,None,0.0,11.5,0.9995803,nationalresearchcouncil1930,Vol. 2 Pg. 25,
866,None,0.0,11.6,0.9995694,nationalresearchcouncil1930,Vol. 2 Pg. 25,
867,None,0.0,11.7,0.9995585,nationalresearchcouncil1930,Vol. 2 Pg. 25,
868,None,0.0,11.8,0.9995473,nationalresearchcouncil1930,Vol. 2 Pg. 25,
869,None,0.0,11.9,0.9995361,nationalresearchcouncil1930,Vol. 2 Pg. 25,
870,None,0.0,12.0,0.9995247,nationalresearchcouncil1930,Vol. 2 Pg. 25,
871,None,0.0,12.1,0.9995132,nationalresearchcouncil1930,Vol. 2 Pg. 25,
872,None,0.0,12.2,0.9995016,nationalresearchcouncil1930,Vol. 2 Pg. 25,
873,None,0.0,12.3,0.9994898,nationalresearchcouncil1930,Vol. 2 Pg. 25,
874,None,0.0,12.4,0.999478,nationalresearchcouncil1930,Vol. 2 Pg. 25,
875,None,0.0,12.5,0.999466,nationalresearchcouncil1930,Vol. 2 Pg. 25,
876,None,0.0,12.6,0.9994538,nationalresearchcouncil1930,Vol. 2 Pg. 25,
877,None,0.0,12.7,0.9994415,nationalresearchcouncil1930,Vol. 2 Pg. 25,
878,None,0.0,12.8,0.9994291,nationalresearchcouncil1930,Vol. 2 Pg. 25,
879,None,0.0,12.9,0.9994166,nationalresearchcouncil1930,Vol. 2 Pg. 25,
880,None,0.0,13.0,0.999404,nationalresearchcouncil1930,Vol. 2 Pg. 25,
881,None,0.0,13.1,0.9993913,nationalresearchcouncil1930,Vol. 2 Pg. 25,
882,None,0.0,13.2,0.9993784,nationalresearchcouncil1930,Vol. 2 Pg. 25,
883,None,0.0,13.3,0.9993655,nationalresearchcouncil1930,Vol. 2 Pg. 25,
884,None,0.0,13.4,0.9993524,nationalresearchcouncil1930,Vol. 2 Pg. 25,
885,None,0.0,13.5,0.9993391,nationalresearchcouncil1930,Vol. 2 Pg. 25,
886,None,0.0,13.6,0.9993258,nationalresearchcouncil1930,Vol. 2 Pg. 25,
887,None,0.0,13.7,0.9993123,nationalresearchcouncil1930,Vol. 2 Pg. 25,
888,None,0.0,13.8,0.9992987,nationalresearchcouncil1930,Vol. 2 Pg. 25,
889,None,0.0,13.9,0.999285,nationalresearchcouncil1930,Vol. 2 Pg. 25,
890,None,0.0,14.0,0.9992712,nationalresearchcouncil1930,Vol. 2 Pg. 25,
891,None,0.0,14.1,0.9992572,nationalresearchcouncil1930,Vol. 2 Pg. 25,
892,None,0.0,14.2,0.9992432,nationalresearchcouncil1930,Vol. 2 Pg. 25,
893,None,0.0,14.3,0.999229,nationalresearchcouncil1930,Vol. 2 Pg. 25,
894,None,0.0,14.4,0.9992147,nationalresearchcouncil1930,Vol. 2 Pg. 25,
895,None,0.0,14.5,0.9992003,nationalresearchcouncil1930,Vol. 2 Pg. 25,
896,None,0.0,14.6,0.9991858,nationalresearchcouncil1930,Vol. 2 Pg. 25,
897,None,0.0,14.7,0.9991711,nationalresearchcouncil1930,Vol. 2 Pg. 25,
898,None,0.0,14.8,0.9991564,nationalresearchcouncil1930,Vol. 2 Pg. 25,
899,None,0.0,14.9,0.9991415,nationalresearchcouncil1930,Vol. 2 Pg. 25,
900,None,0.0,15.0,0.9991265,nationalresearchcouncil1930,Vol. 2 Pg. 25,
901,None,0.0,15.1,0.9991113,nationalresearchcouncil1930,Vol. 2 Pg. 25,
902,None,0.0,15.2,0.9990961,nationalresearchcouncil1930,Vol. 2 Pg. 25,
903,None,0.0,15.3,0.9990808,nationalresearchcouncil1930,Vol. 2 Pg. 25,
904,None,0.0,15.4,0.9990653,nationalresearchcouncil1930,Vol. 2 Pg. 25,
905,None,0.0,15.5,0.9990497,nationalresearchcouncil1930,Vol. 2 Pg. 25,
906,None,0.0,15.6,0.999034,nationalresearchcouncil1930,Vol. 2 Pg. 25,
907,None,0.0,15.7,0.9990182,nationalresearchcouncil1930,Vol. 2 Pg. 25,
908,None,0.0,15.8,0.9990023,nationalresearchcouncil1930,Vol. 2 Pg. 25,
909,None,0.0,15.9,0.9989862,nationalresearchcouncil1930,Vol. 2 Pg. 25,
910,None,0.0,16.0,0.9989701,nationalresearchcouncil1930,Vol. 2 Pg. 25,
911,None,0.0,16.1,0.9989538,nationalresearchcouncil1930,Vol. 2 Pg. 25,
912,None,0.0,16.2,0.9989374,nationalresearchcouncil1930,Vol. 2 Pg. 25,
913,None,0.0,16.3,0.9989209,nationalresearchcouncil1930,Vol. 2 Pg. 25,
914,None,0.0,16.4,0.9989043,nationalresearchcouncil1930,Vol. 2 Pg. 25,
915,None,0.0,16.5,0.9988876,nationalresearchcouncil1930,Vol. 2 Pg. 25,
916,None,0.0,16.6,0.9988707,nationalresearchcouncil1930,Vol. 2 Pg. 25,
917,None,0.0,16.7,0.9988538,nationalresearchcouncil1930,Vol. 2 Pg. 25,
918,None,0.0,16.8,0.9988367,nationalresearchcouncil1930,Vol. 2 Pg. 25,
919,None,0.0,16.9,0.9988195,nationalresearchcouncil1930,Vol. 2 Pg. 25,
920,None,0.0,17.0,0.9988022,nationalresearchcouncil1930,Vol. 2 Pg. 25,
921,None,0.0,17.1,0.9987848,nationalresearchcouncil1930,Vol. 2 Pg. 25,
922,None,0.0,17.2,0.9987673,nationalresearchcouncil1930,Vol. 2 Pg. 25,
923,None,0.0,17.3,0.9987497,nationalresearchcouncil1930,Vol. 2 Pg. 25,
924,None,0.0,17.4,0.9987319,nationalresearchcouncil1930,Vol. 2 Pg. 25,
925,None,0.0,17.5,0.9987141,nationalresearchcouncil1930,Vol. 2 Pg. 25,
926,None,0.0,17.6,0.9986961,nationalresearchcouncil1930,Vol. 2 Pg. 25,
927,None,0.0,17.7,0.9986781,nationalresearchcouncil1930,Vol. 2 Pg. 25,
928,None,0.0,17.8,0.9986599,nationalresearchcouncil1930,Vol. 2 Pg. 25,
929,None,0.0,17.9,0.9986416,nationalresearchcouncil1930,Vol. 2 Pg. 25,
930,None,0.0,18.0,0.9986232,nationalresearchcouncil1930,Vol. 2 Pg. 25,
931,None,0.0,18.1,0.9986046,nationalresearchcouncil1930,Vol. 2 Pg. 25,
932,None,0.0,18.2,0.9985861,nationalresearchcouncil1930,Vol. 2 Pg. 25,
933,None,0.0,18.3,0.9985673,nationalresearchcouncil1930,Vol. 2 Pg. 25,
934,None,0.0,18.4,0.9985485,nationalresearchcouncil1930,Vol. 2 Pg. 25,
935,None,0.0,18.5,0.9985295,nationalresearchcouncil1930,Vol. 2 Pg. 25,
936,None,0.0,18.6,0.9985105,nationalresearchcouncil1930,Vol. 2 Pg. 25,
937,None,0.0,18.7,0.9984913,nationalresearchcouncil1930,Vol. 2 Pg. 25,
938,None,0.0,18.8,0.998472,nationalresearchcouncil1930,Vol. 2 Pg. 25,
939,None,0.0,18.9,0.9984526,nationalresearchcouncil1930,Vol. 2 Pg. 25,
940,None,0.0,19.0,0.9984331,nationalresearchcouncil1930,Vol. 2 Pg. 25,
941,None,0.0,19.1,0.9984136,nationalresearchcouncil1930,Vol. 2 Pg. 25,
942,None,0.0,19.2,0.9983938,nationalresearchcouncil1930,Vol. 2 Pg. 25,
943,None,0.0,19.3,0.998374,nationalresearchcouncil1930,Vol. 2 Pg. 25,
944,None,0.0,19.4,0.9983541,nationalresearchcouncil1930,Vol. 2 Pg. 25,
945,None,0.0,19.5,0.9983341,nationalresearchcouncil1930,Vol. 2 Pg. 25,
946,None,0.0,19.6,0.998314,nationalresearchcouncil1930,Vol. 2 Pg. 25,
947,None,0.0,19.7,0.9982937,nationalresearchcouncil1930,Vol. 2 Pg. 25,
948,None,0.0,19.8,0.9982733,nationalresearchcouncil1930,Vol. 2 Pg. 25,
949,None,0.0,19.9,0.9982529,nationalresearchcouncil1930,Vol. 2 Pg. 25,
950,None,0.0,20.0,0.9982323,nationalresearchcouncil1930,Vol. 2 Pg. 25,
951,None,0.0,20.1,0.9982117,nationalresearchcouncil1930,Vol. 2 Pg. 25,
952,None,0.0,20.2,0.9981909,nationalresearchcouncil1930,Vol. 2 Pg. 25,
953,None,0.0,20.3,0.9981701,nationalresearchcouncil1930,Vol. 2 Pg. 25,
954,None,0.0,20.4,0.998149,nationalresearchcouncil1930,Vol. 2 Pg. 25,
955,None,0.0,20.5,0.998128,nationalresearchcouncil1930,Vol. 2 Pg. 25,
956,None,0.0,20.6,0.9981068,nationalresearchcouncil1930,Vol. 2 Pg. 25,
957,None,0.0,20.7,0.9980855,nationalresearchcouncil1930,Vol. 2 Pg. 25,
958,None,0.0,20.8,0.9980641,nationalresearchcouncil1930,Vol. 2 Pg. 25,
959,None,0.0,20.9,0.9980426,nationalresearchcouncil1930,Vol. 2 Pg. 25,
960,None,0.0,21.0,0.998021,nationalresearchcouncil1930,Vol. 2 Pg. 25,
961,None,0.0,21.1,0.9979993,nationalresearchcouncil1930,Vol. 2 Pg. 25,
962,None,0.0,21.2,0.9979775,nationalresearchcouncil1930,Vol. 2 Pg. 25,
963,None,0.0,21.3,0.9979556,nationalresearchcouncil1930,Vol. 2 Pg. 25,
964,None,0.0,21.4,0.9979335,nationalresearchcouncil1930,Vol. 2 Pg. 25,
965,None,0.0,21.5,0.9979114,nationalresearchcouncil1930,Vol. 2 Pg. 25,
966,None,0.0,21.6,0.9978892,nationalresearchcouncil1930,Vol. 2 Pg. 25,
967,None,0.0,21.7,0.9978669,nationalresearchcouncil1930,Vol. 2 Pg. 25,
968,None,0.0,21.8,0.9978444,nationalresearchcouncil1930,Vol. 2 Pg. 25,
969,None,0.0,21.9,0.9978219,nationalresearchcouncil1930,Vol. 2 Pg. 25,
970,None,0.0,22.0,0.9977993,nationalresearchcouncil1930,Vol. 2 Pg. 25,
971,None,0.0,22.1,0.9977765,nationalresearchcouncil1930,Vol. 2 Pg. 25,
972,None,0.0,22.2,0.9977537,nationalresearchcouncil1930,Vol. 2 Pg. 25,
973,None,0.0,22.3,0.9977308,nationalresearchcouncil1930,Vol. 2 Pg. 25,
974,None,0.0,22.4,0.9977077,nationalresearchcouncil1930,Vol. 2 Pg. 25,
975,None,0.0,22.5,0.9976846,nationalresearchcouncil1930,Vol. 2 Pg. 25,
976,None,0.0,22.6,0.9976613,nationalresearchcouncil1930,Vol. 2 Pg. 25,
977,None,0.0,22.7,0.997638,nationalresearchcouncil1930,Vol. 2 Pg. 25,
978,None,0.0,22.8,0.9976145,nationalresearchcouncil1930,Vol. 2 Pg. 25,
979,None,0.0,22.9,0.997591,nationalresearchcouncil1930,Vol. 2 Pg. 25,
980,None,0.0,23.0,0.9975674,nationalresearchcouncil1930,Vol. 2 Pg. 25,
981,None,0.0,23.1,0.9975437,nationalresearchcouncil1930,Vol. 2 Pg. 25,
982,None,0.0,23.2,0.9975198,nationalresearchcouncil1930,Vol. 2 Pg. 25,
983,None,0.0,23.3,0.9974959,nationalresearchcouncil1930,Vol. 2 Pg. 25,
984,None,0.0,23.4,0.9974718,nationalresearchcouncil1930,Vol. 2 Pg. 25,
985,None,0.0,23.5,0.9974477,nationalresearchcouncil1930,Vol. 2 Pg. 25,
986,None,0.0,23.6,0.9974235,nationalresearchcouncil1930,Vol. 2 Pg. 25,
987,None,0.0,23.7,0.9973991,nationalresearchcouncil1930,Vol. 2 Pg. 25,
988,None,0.0,23.8,0.9973747,nationalresearchcouncil1930,Vol. 2 Pg. 25,
989,None,0.0,23.9,0.9973502,nationalresearchcouncil1930,Vol. 2 Pg. 25,
990,None,0.0,24.0,0.9973256,nationalresearchcouncil1930,Vol. 2 Pg. 25,
991,None,0.0,24.1,0.9973009,nationalresearchcouncil1930,Vol. 2 Pg. 25,
992,None,0.0,24.2,0.997276,nationalresearchcouncil1930,Vol. 2 Pg. 25,
993,None,0.0,24.3,0.9972511,nationalresearchcouncil1930,Vol. 2 Pg. 25,
994,None,0.0,24.4,0.9972261,nationalresearchcouncil1930,Vol. 2 Pg. 25,
995,None,0.0,24.5,0.997201,nationalresearchcouncil1930,Vol. 2 Pg. 25,
996,None,0.0,24.6,0.9971758,nationalresearchcouncil1930,Vol. 2 Pg. 25,
997,None,0.0,24.7,0.9971505,nationalresearchcouncil1930,Vol. 2 Pg. 25,
998,None,0.0,24.8,0.997125,nationalresearchcouncil1930,Vol. 2 Pg. 25,
999,None,0.0,24.9,0.9970995,nationalresearchcouncil1930,Vol. 2 Pg. 25,
1000,None,0.0,25.0,0.9970739,nationalresearchcouncil1930,Vol. 2 Pg. 25,
1001,None,0.0,25.1,0.9970482,nationalresearchcouncil1930,Vol. 2 Pg. 25,
1002,None,0.0,25.2,0.9970225,nationalresearchcouncil1930,Vol. 2 Pg. 25,
1003,None,0.0,25.3,0.9969966,nationalresearchcouncil1930,Vol. 2 Pg. 25,
1004,None,0.0,25.4,0.9969706,nationalresearchcouncil1930,Vol. 2 Pg. 25,
1005,None,0.0,25.5,0.9969445,nationalresearchcouncil1930,Vol. 2 Pg. 25,
1006,None,0.0,25.6,0.9969184,nationalresearchcouncil1930,Vol. 2 Pg. 25,
1007,None,0.0,25.7,0.9968921,nationalresearchcouncil1930,Vol. 2 Pg. 25,
1008,None,0.0,25.8,0.9968657,nationalresearchcouncil1930,Vol. 2 Pg. 25,
1009,None,0.0,25.9,0.9968393,nationalresearchcouncil1930,Vol. 2 Pg. 25,
1010,None,0.0,26.0,0.9968128,nationalresearchcouncil1930,Vol. 2 Pg. 25,
1011,None,0.0,26.1,0.9967861,nationalresearchcouncil1930,Vol. 2 Pg. 25,
1012,None,0.0,26.2,0.9967594,nationalresearchcouncil1930,Vol. 2 Pg. 25,
1013,None,0.0,26.3,0.9967326,nationalresearchcouncil1930,Vol. 2 Pg. 25,
1014,None,0.0,26.4,0.9967057,nationalresearchcouncil1930,Vol. 2 Pg. 25,
1015,None,0.0,26.5,0.9966786,nationalresearchcouncil1930,Vol. 2 Pg. 25,
1016,None,0.0,26.6,0.9966515,nationalresearchcouncil1930,Vol. 2 Pg. 25,
1017,None,0.0,26.7,0.9966243,nationalresearchcouncil1930,Vol. 2 Pg. 25,
1018,None,0.0,26.8,0.996597,nationalresearchcouncil1930,Vol. 2 Pg. 25,
1019,None,0.0,26.9,0.9965696,nationalresearchcouncil1930,Vol. 2 Pg. 25,
1020,None,0.0,27.0,0.9965421,nationalresearchcouncil1930,Vol. 2 Pg. 25,
1021,None,0.0,27.1,0.9965146,nationalresearchcouncil1930,Vol. 2 Pg. 25,
1022,None,0.0,27.2,0.9964869,nationalresearchcouncil1930,Vol. 2 Pg. 25,
1023,None,0.0,27.3,0.9964591,nationalresearchcouncil1930,Vol. 2 Pg. 25,
1024,None,0.0,27.4,0.9964313,nationalresearchcouncil1930,Vol. 2 Pg. 25,
1025,None,0.0,27.5,0.9964033,nationalresearchcouncil1930,Vol. 2 Pg. 25,
1026,None,0.0,27.6,0.9963753,nationalresearchcouncil1930,Vol. 2 Pg. 25,
1027,None,0.0,27.7,0.9963472,nationalresearchcouncil1930,Vol. 2 Pg. 25,
1028,None,0.0,27.8,0.996319,nationalresearchcouncil1930,Vol. 2 Pg. 25,
1029,None,0.0,27.9,0.9962907,nationalresearchcouncil1930,Vol. 2 Pg. 25,
1030,None,0.0,28.0,0.9962623,nationalresearchcouncil1930,Vol. 2 Pg. 25,
1031,None,0.0,28.1,0.9962338,nationalresearchcouncil1930,Vol. 2 Pg. 25,
1032,None,0.0,28.2,0.9962052,nationalresearchcouncil1930,Vol. 2 Pg. 25,
1033,None,0.0,28.3,0.9961766,nationalresearchcouncil1930,Vol. 2 Pg. 25,
1034,None,0.0,28.4,0.9961478,nationalresearchcouncil1930,Vol. 2 Pg. 25,
1035,None,0.0,28.5,0.996119,nationalresearchcouncil1930,Vol. 2 Pg. 25,
1036,None,0.0,28.6,0.9960901,nationalresearchcouncil1930,Vol. 2 Pg. 25,
1037,None,0.0,28.7,0.996061,nationalresearchcouncil1930,Vol. 2 Pg. 25,
1038,None,0.0,28.8,0.9960319,nationalresearchcouncil1930,Vol. 2 Pg. 25,
1039,None,0.0,28.9,0.9960027,nationalresearchcouncil1930,Vol. 2 Pg. 25,
1040,None,0.0,29.0,0.9959735,nationalresearchcouncil1930,Vol. 2 Pg. 25,
1041,None,0.0,29.1,0.995944,nationalresearchcouncil1930,Vol. 2 Pg. 25,
1042,None,0.0,29.2,0.9959146,nationalresearchcouncil1930,Vol. 2 Pg. 25,
1043,None,0.0,29.3,0.995885,nationalresearchcouncil1930,Vol. 2 Pg. 25,
1044,None,0.0,29.4,0.9958554,nationalresearchcouncil1930,Vol. 2 Pg. 25,
1045,None,0.0,29.5,0.9958257,nationalresearchcouncil1930,Vol. 2 Pg. 25,
1046,None,0.0,29.6,0.9957958,nationalresearchcouncil1930,Vol. 2 Pg. 25,
1047,None,0.0,29.7,0.9957659,nationalresearchcouncil1930,Vol. 2 Pg. 25,
1048,None,0.0,29.8,0.9957359,nationalresearchcouncil1930,Vol. 2 Pg. 25,
1049,None,0.0,29.9,0.9957059,nationalresearchcouncil1930,Vol. 2 Pg. 25,
1050,None,0.0,30.0,0.9956756,nationalresearchcouncil1930,Vol. 2 Pg. 25,
1051,None,0.0,30.1,0.9956454,nationalresearchcouncil1930,Vol. 2 Pg. 25,
1052,None,0.0,30.2,0.9956151,nationalresearchcouncil1930,Vol. 2 Pg. 25,
1053,None,0.0,30.3,0.9955846,nationalresearchcouncil1930,Vol. 2 Pg. 25,
1054,None,0.0,30.4,0.9955541,nationalresearchcouncil1930,Vol. 2 Pg. 25,
1055,None,0.0,30.5,0.9955235,nationalresearchcouncil1930,Vol. 2 Pg. 25,
1056,None,0.0,30.6,0.9954928,nationalresearchcouncil1930,Vol. 2 Pg. 25,
1057,None,0.0,30.7,0.995462,nationalresearchcouncil1930,Vol. 2 Pg. 25,
1058,None,0.0,30.8,0.9954312,nationalresearchcouncil1930,Vol. 2 Pg. 25,
1059,None,0.0,30.9,0.9954002,nationalresearchcouncil1930,Vol. 2 Pg. 25,
1060,None,0.0,31.0,0.9953692,nationalresearchcouncil1930,Vol. 2 Pg. 25,
1061,None,0.0,31.1,0.995338,nationalresearchcouncil1930,Vol. 2 Pg. 25,
1062,None,0.0,31.2,0.9953068,nationalresearchcouncil1930,Vol. 2 Pg. 25,
1063,None,0.0,31.3,0.9952755,nationalresearchcouncil1930,Vol. 2 Pg. 25,
1064,None,0.0,31.4,0.9952442,nationalresearchcouncil1930,Vol. 2 Pg. 25,
1065,None,0.0,31.5,0.9952127,nationalresearchcouncil1930,Vol. 2 Pg. 25,
1066,None,0.0,31.6,0.9951812,nationalresearchcouncil1930,Vol. 2 Pg. 25,
1067,None,0.0,31.7,0.9951495,nationalresearchcouncil1930,Vol. 2 Pg. 25,
1068,None,0.0,31.8,0.9951178,nationalresearchcouncil1930,Vol. 2 Pg. 25,
1069,None,0.0,31.9,0.9950861,nationalresearchcouncil1930,Vol. 2 Pg. 25,
1070,None,0.0,32.0,0.9950542,nationalresearchcouncil1930,Vol. 2 Pg. 25,
1071,None,0.0,32.1,0.9950222,nationalresearchcouncil1930,Vol. 2 Pg. 25,
1072,None,0.0,32.2,0.9949901,nationalresearchcouncil1930,Vol. 2 Pg. 25,
1073,None,0.0,32.3,0.994958,nationalresearchcouncil1930,Vol. 2 Pg. 25,
1074,None,0.0,32.4,0.9949258,nationalresearchcouncil1930,Vol. 2 Pg. 25,
1075,None,0.0,32.5,0.9948935,nationalresearchcouncil1930,Vol. 2 Pg. 25,
1076,None,0.0,32.6,0.9948612,nationalresearchcouncil1930,Vol. 2 Pg. 25,
1077,None,0.0,32.7,0.9948286,nationalresearchcouncil1930,Vol. 2 Pg. 25,
1078,None,0.0,32.8,0.9947961,nationalresearchcouncil1930,Vol. 2 Pg. 25,
1079,None,0.0,32.9,0.9947635,nationalresearchcouncil1930,Vol. 2 Pg. 25,
1080,None,0.0,33.0,0.9947308,nationalresearchcouncil1930,Vol. 2 Pg. 25,
1081,None,0.0,33.1,0.994698,nationalresearchcouncil1930,Vol. 2 Pg. 25,
1082,None,0.0,33.2,0.9946651,nationalresearchcouncil1930,Vol. 2 Pg. 25,
1083,None,0.0,33.3,0.9946321,nationalresearchcouncil1930,Vol. 2 Pg. 25,
1084,None,0.0,33.4,0.9945991,nationalresearchcouncil1930,Vol. 2 Pg. 25,
1085,None,0.0,33.5,0.994566,nationalresearchcouncil1930,Vol. 2 Pg. 25,
1086,None,0.0,33.6,0.9945328,nationalresearchcouncil1930,Vol. 2 Pg. 25,
1087,None,0.0,33.7,0.9944995,nationalresearchcouncil1930,Vol. 2 Pg. 25,
1088,None,0.0,33.8,0.9944661,nationalresearchcouncil1930,Vol. 2 Pg. 25,
1089,None,0.0,33.9,0.9944327,nationalresearchcouncil1930,Vol. 2 Pg. 25,
1090,None,0.0,34.0,0.9943991,nationalresearchcouncil1930,Vol. 2 Pg. 25,
1091,None,0.0,34.1,0.9943655,nationalresearchcouncil1930,Vol. 2 Pg. 25,
1092,None,0.0,34.2,0.9943319,nationalresearchcouncil1930,Vol. 2 Pg. 25,
1093,None,0.0,34.3,0.9942981,nationalresearchcouncil1930,Vol. 2 Pg. 25,
1094,None,0.0,34.4,0.9942643,nationalresearchcouncil1930,Vol. 2 Pg. 25,
1095,None,0.0,34.5,0.9942303,nationalresearchcouncil1930,Vol. 2 Pg. 25,
1096,None,0.0,34.6,0.9941963,nationalresearchcouncil1930,Vol. 2 Pg. 25,
1097,None,0.0,34.7,0.9941622,nationalresearchcouncil1930,Vol. 2 Pg. 25,
1098,None,0.0,34.8,0.994128,nationalresearchcouncil1930,Vol. 2 Pg. 25,
1099,None,0.0,34.9,0.9940938,nationalresearchcouncil1930,Vol. 2 Pg. 25,
1100,None,0.0,35.0,0.9940594,nationalresearchcouncil1930,Vol. 2 Pg. 25,
1101,None,0.0,35.1,0.9940251,nationalresearchcouncil1930,Vol. 2 Pg. 25,
1102,None,0.0,35.2,0.9939906,nationalresearchcouncil1930,Vol. 2 Pg. 25,
1103,None,0.0,35.3,0.993956,nationalresearchcouncil1930,Vol. 2 Pg. 25,
1104,None,0.0,35.4,0.9939214,nationalresearchcouncil1930,Vol. 2 Pg. 25,
1105,None,0.0,35.5,0.9938867,nationalresearchcouncil1930,Vol. 2 Pg. 25,
1106,None,0.0,35.6,0.9938518,nationalresearchcouncil1930,Vol. 2 Pg. 25,
1107,None,0.0,35.7,0.993817,nationalresearchcouncil1930,Vol. 2 Pg. 25,
1108,None,0.0,35.8,0.993782,nationalresearchcouncil1930,Vol. 2 Pg. 25,
1109,None,0.0,35.9,0.993747,nationalresearchcouncil1930,Vol. 2 Pg. 25,
1110,None,0.0,36.0,0.9937119,nationalresearchcouncil1930,Vol. 2 Pg. 25,
1111,None,0.0,36.1,0.9936767,nationalresearchcouncil1930,Vol. 2 Pg. 25,
1112,None,0.0,36.2,0.9936414,nationalresearchcouncil1930,Vol. 2 Pg. 25,
1113,None,0.0,36.3,0.9936061,nationalresearchcouncil1930,Vol. 2 Pg. 25,
1114,None,0.0,36.4,0.9935707,nationalresearchcouncil1930,Vol. 2 Pg. 25,
1115,None,0.0,36.5,0.9935351,nationalresearchcouncil1930,Vol. 2 Pg. 25,
1116,None,0.0,36.6,0.9934996,nationalresearchcouncil1930,Vol. 2 Pg. 25,
1117,None,0.0,36.7,0.9934639,nationalresearchcouncil1930,Vol. 2 Pg. 25,
1118,None,0.0,36.8,0.9934282,nationalresearchcouncil1930,Vol. 2 Pg. 25,
1119,None,0.0,36.9,0.9933924,nationalresearchcouncil1930,Vol. 2 Pg. 25,
1120,None,0.0,37.0,0.9933565,nationalresearchcouncil1930,Vol. 2 Pg. 25,
1121,None,0.0,37.1,0.9933206,nationalresearchcouncil1930,Vol. 2 Pg. 25,
1122,None,0.0,37.2,0.9932846,nationalresearchcouncil1930,Vol. 2 Pg. 25,
1123,None,0.0,37.3,0.9932484,nationalresearchcouncil1930,Vol. 2 Pg. 25,
1124,None,0.0,37.4,0.9932123,nationalresearchcouncil1930,Vol. 2 Pg. 25,
1125,None,0.0,37.5,0.993176,nationalresearchcouncil1930,Vol. 2 Pg. 25,
1126,None,0.0,37.6,0.9931397,nationalresearchcouncil1930,Vol. 2 Pg. 25,
1127,None,0.0,37.7,0.9931032,nationalresearchcouncil1930,Vol. 2 Pg. 25,
1128,None,0.0,37.8,0.9930668,nationalresearchcouncil1930,Vol. 2 Pg. 25,
1129,None,0.0,37.9,0.9930302,nationalresearchcouncil1930,Vol. 2 Pg. 25,
1130,None,0.0,38.0,0.9929936,nationalresearchcouncil1930,Vol. 2 Pg. 25,
1131,None,0.0,38.1,0.9929568,nationalresearchcouncil1930,Vol. 2 Pg. 25,
1132,None,0.0,38.2,0.9929201,nationalresearchcouncil1930,Vol. 2 Pg. 25,
1133,None,0.0,38.3,0.9928838,nationalresearchcouncil1930,Vol. 2 Pg. 25,
1134,None,0.0,38.4,0.9928468,nationalresearchcouncil1930,Vol. 2 Pg. 25,
1135,None,0.0,38.5,0.9928093,nationalresearchcouncil1930,Vol. 2 Pg. 25,
1136,None,0.0,38.6,0.9927722,nationalresearchcouncil1930,Vol. 2 Pg. 25,
1137,None,0.0,38.7,0.9927351,nationalresearchcouncil1930,Vol. 2 Pg. 25,
1138,None,0.0,38.8,0.9926978,nationalresearchcouncil1930,Vol. 2 Pg. 25,
1139,None,0.0,38.9,0.9926605,nationalresearchcouncil1930,Vol. 2 Pg. 25,
1140,None,0.0,39.0,0.9926232,nationalresearchcouncil1930,Vol. 2 Pg. 25,
1141,None,0.0,39.1,0.9925857,nationalresearchcouncil1930,Vol. 2 Pg. 25,
1142,None,0.0,39.2,0.9925482,nationalresearchcouncil1930,Vol. 2 Pg. 25,
1143,None,0.0,39.3,0.9925106,nationalresearchcouncil1930,Vol. 2 Pg. 25,
1144,None,0.0,39.4,0.992473,nationalresearchcouncil1930,Vol. 2 Pg. 25,
1145,None,0.0,39.5,0.9924352,nationalresearchcouncil1930,Vol. 2 Pg. 25,
1146,None,0.0,39.6,0.9923974,nationalresearchcouncil1930,Vol. 2 Pg. 25,
1147,None,0.0,39.7,0.9923595,nationalresearchcouncil1930,Vol. 2 Pg. 25,
1148,None,0.0,39.8,0.9923216,nationalresearchcouncil1930,Vol. 2 Pg. 25,
1149,None,0.0,39.9,0.9922836,nationalresearchcouncil1930,Vol. 2 Pg. 25,
1150,None,0.0,40.0,0.9922455,nationalresearchcouncil1930,Vol. 2 Pg. 25,
1151,None,0.0,41.0,0.99186,nationalresearchcouncil1930,Vol. 2 Pg. 26,
1152,None,0.0,42.0,0.99147,nationalresearchcouncil1930,Vol. 2 Pg. 26,
1153,None,0.0,43.0,0.99107,nationalresearchcouncil1930,Vol. 2 Pg. 26,
1154,None,0.0,44.0,0.99066,nationalresearchcouncil1930,Vol. 2 Pg. 26,
1155,None,0.0,45.0,0.99024,nationalresearchcouncil1930,Vol. 2 Pg. 26,
1156,None,0.0,46.0,0.98982,nationalresearchcouncil1930,Vol. 2 Pg. 26,
1157,None,0.0,47.0,0.9894,nationalresearchcouncil1930,Vol. 2 Pg. 26,
1158,None,0.0,48.0,0.98896,nationalresearchcouncil1930,Vol. 2 Pg. 26,
1159,None,0.0,49.0,0.98852,nationalresearchcouncil1930,Vol. 2 Pg. 26,
1160,None,0.0,50.0,0.98807,nationalresearchcouncil1930,Vol. 2 Pg. 26,
1161,None,0.0,51.0,0.98762,nationalresearchcouncil1930,Vol. 2 Pg. 26,
1162,None,0.0,52.0,0.98715,nationalresearchcouncil1930,Vol. 2 Pg. 26,
1163,None,0.0,53.0,0.98669,nationalresearchcouncil1930,Vol. 2 Pg. 26,
1164,None,0.0,54.0,0.98621,nationalresearchcouncil1930,Vol. 2 Pg. 26,
1165,None,0.0,55.0,0.98573,nationalresearchcouncil1930,Vol. 2 Pg. 26,
1166,None,0.0,56.0,0.98525,nationalresearchcouncil1930,Vol. 2 Pg. 26,
1167,None,0.0,57.0,0.98475,nationalresearchcouncil1930,Vol. 2 Pg. 26,
1168,None,0.0,58.0,0.98425,nationalresearchcouncil1930,Vol. 2 Pg. 26,
1169,None,0.0,59.0,0.98375,nationalresearchcouncil1930,Vol. 2 Pg. 26,
1170,None,0.0,60.0,0.98324,nationalresearchcouncil1930,Vol. 2 Pg. 26,
1171,None,0.0,61.0,0.98272,nationalresearchcouncil1930,Vol. 2 Pg. 26,
1172,None,0.0,62.0,0.9822,nationalresearchcouncil1930,Vol. 2 Pg. 26,
1173,None,0.0,63.0,0.98167,nationalresearchcouncil1930,Vol. 2 Pg. 26,
1174,None,0.0,64.0,0.98113,nationalresearchcouncil1930,Vol. 2 Pg. 26,
1175,None,0.0,65.0,0.98059,nationalresearchcouncil1930,Vol. 2 Pg. 26,
1176,None,0.0,66.0,0.98005,nationalresearchcouncil1930,Vol. 2 Pg. 26,
1177,None,0.0,67.0,0.9795,nationalresearchcouncil1930,Vol. 2 Pg. 26,
1178,None,0.0,68.0,0.97894,nationalresearchcouncil1930,Vol. 2 Pg. 26,
1179,None,0.0,69.0,0.97838,nationalresearchcouncil1930,Vol. 2 Pg. 26,
1180,None,0.0,70.0,0.97781,nationalresearchcouncil1930,Vol. 2 Pg. 26,
1181,None,0.0,71.0,0.97723,nationalresearchcouncil1930,Vol. 2 Pg. 26,
1182,None,0.0,72.0,0.97666,nationalresearchcouncil1930,Vol. 2 Pg. 26,
1183,None,0.0,73.0,0.97607,nationalresearchcouncil1930,Vol. 2 Pg. 26,
1184,None,0.0,74.0,0.97548,nationalresearchcouncil1930,Vol. 2 Pg. 26,
1185,None,0.0,75.0,0.97489,nationalresearchcouncil1930,Vol. 2 Pg. 26,
1186,None,0.0,76.0,0.97429,nationalresearchcouncil1930,Vol. 2 Pg. 26,
1187,None,0.0,77.0,0.97368,nationalresearchcouncil1930,Vol. 2 Pg. 26,
1188,None,0.0,78.0,0.97307,nationalresearchcouncil1930,Vol. 2 Pg. 26,
1189,None,0.0,79.0,0.97245,nationalresearchcouncil1930,Vol. 2 Pg. 26,
1190,None,0.0,80.0,0.97183,nationalresearchcouncil1930,Vol. 2 Pg. 26,
1191,None,0.0,81.0,0.97121,nationalresearchcouncil1930,Vol. 2 Pg. 26,
1192,None,0.0,82.0,0.97057,nationalresearchcouncil1930,Vol. 2 Pg. 26,
1193,None,0.0,83.0,0.96994,nationalresearchcouncil1930,Vol. 2 Pg. 26,
1194,None,0.0,84.0,0.9693,nationalresearchcouncil1930,Vol. 2 Pg. 26,
1195,None,0.0,85.0,0.96865,nationalresearchcouncil1930,Vol. 2 Pg. 26,
1196,None,0.0,86.0,0.968,nationalresearchcouncil1930,Vol. 2 Pg. 26,
1197,None,0.0,87.0,0.96734,nationalresearchcouncil1930,Vol. 2 Pg. 26,
1198,None,0.0,88.0,0.96668,nationalresearchcouncil1930,Vol. 2 Pg. 26,
1199,None,0.0,89.0,0.96601,nationalresearchcouncil1930,Vol. 2 Pg. 26,
1200,None,0.0,90.0,0.96534,nationalresearchcouncil1930,Vol. 2 Pg. 26,
1201,None,0.0,91.0,0.96467,nationalresearchcouncil1930,Vol. 2 Pg. 26,
1202,None,0.0,92.0,0.96399,nationalresearchcouncil1930,Vol. 2 Pg. 26,
1203,None,0.0,93.0,0.9633,nationalresearchcouncil1930,Vol. 2 Pg. 26,
1204,None,0.0,94.0,0.96261,nationalresearchcouncil1930,Vol. 2 Pg. 26,
1205,None,0.0,95.0,0.96192,nationalresearchcouncil1930,Vol. 2 Pg. 26,
1206,None,0.0,96.0,0.96122,nationalresearchcouncil1930,Vol. 2 Pg. 26,
1207,None,0.0,97.0,0.96051,nationalresearchcouncil1930,Vol. 2 Pg. 26,
1208,None,0.0,98.0,0.95981,nationalresearchcouncil1930,Vol. 2 Pg. 26,
1209,None,0.0,99.0,0.95909,nationalresearchcouncil1930,Vol. 2 Pg. 26,
1210,None,0.0,100.0,0.95838,nationalresearchcouncil1930,Vol. 2 Pg. 26,
1211,None,0.0,100.85,0.957737,perry2008,Pg. 2-96,
1212,None,0.0,102.85,0.956285,perry2008,Pg. 2-96,
1213,None,0.0,104.85,0.954815,perry2008,Pg. 2-96,
1214,None,0.0,106.85,0.953327,perry2008,Pg. 2-96,
1215,None,0.0,108.85,0.951822,perry2008,Pg. 2-96,
1216,None,0.0,110.85,0.950298,perry2008,Pg. 2-96,
1217,None,0.0,112.85,0.948758,perry2008,Pg. 2-96,
1218,None,0.0,114.85,0.947199,perry2008,Pg. 2-96,
1219,None,0.0,116.85,0.945624,perry2008,Pg. 2-96,
1220,None,0.0,118.85,0.94403,perry2008,Pg. 2-96,
1221,None,0.0,120.85,0.94242,perry2008,Pg. 2-96,
1222,None,0.0,122.85,0.940793,perry2008,Pg. 2-96,
1223,None,0.0,124.85,0.939148,perry2008,Pg. 2-96,
1224,None,0.0,126.85,0.937486,perry2008,Pg. 2-96,
1225,None,0.0,128.85,0.935807,perry2008,Pg. 2-96,
1226,None,0.0,130.85,0.934111,perry2008,Pg. 2-96,
1227,None,0.0,132.85,0.932398,perry2008,Pg. 2-96,
1228,None,0.0,134.85,0.930668,perry2008,Pg. 2-96,
1229,None,0.0,136.85,0.928921,perry2008,Pg. 2-96,
1230,None,0.0,138.85,0.927157,perry2008,Pg. 2-96,
1231,None,0.0,140.85,0.925375,perry2008,Pg. 2-96,
1232,None,0.0,142.85,0.923577,perry2008,Pg. 2-96,
1233,None,0.0,144.85,0.921761,perry2008,Pg. 2-96,
1234,None,0.0,146.85,0.919929,perry2008,Pg. 2-96,
1235,None,0.0,148.85,0.918079,perry2008,Pg. 2-96,
1236,None,0.0,150.85,0.916212,perry2008,Pg. 2-96,
1237,None,0.0,152.85,0.914328,perry2008,Pg. 2-96,
1238,None,0.0,154.85,0.912426,perry2008,Pg. 2-96,
1239,None,0.0,156.85,0.910507,perry2008,Pg. 2-96,
1240,None,0.0,158.85,0.908571,perry2008,Pg. 2-96,
1241,None,0.0,160.85,0.906617,perry2008,Pg. 2-96,
1242,None,0.0,162.85,0.904645,perry2008,Pg. 2-96,
1243,None,0.0,164.85,0.902656,perry2008,Pg. 2-96,
1244,None,0.0,166.85,0.900649,perry2008,Pg. 2-96,
1245,None,0.0,168.85,0.898624,perry2008,Pg. 2-96,
1246,None,0.0,170.85,0.89658,perry2008,Pg. 2-96,
1247,None,0.0,172.85,0.894519,perry2008,Pg. 2-96,
1248,None,0.0,174.85,0.892439,perry2008,Pg. 2-96,
1249,None,0.0,176.85,0.890341,perry2008,Pg. 2-96,
1250,None,0.0,178.85,0.888225,perry2008,Pg. 2-96,
1251,None,0.0,180.85,0.886089,perry2008,Pg. 2-96,
1252,None,0.0,182.85,0.883935,perry2008,Pg. 2-96,
1253,None,0.0,184.85,0.881761,perry2008,Pg. 2-96,
1254,None,0.0,186.85,0.879569,perry2008,Pg. 2-96,
1255,None,0.0,188.85,0.877357,perry2008,Pg. 2-96,
1256,None,0.0,190.85,0.875125,perry2008,Pg. 2-96,
1257,None,0.0,192.85,0.872873,perry2008,Pg. 2-96,
1258,None,0.0,194.85,0.870601,perry2008,Pg. 2-96,
1259,None,0.0,196.85,0.86831,perry2008,Pg. 2-96,
1260,None,0.0,198.85,0.865997,perry2008,Pg. 2-96,
1261,None,0.0,200.85,0.863664,perry2008,Pg. 2-96,
1262,None,0.0,202.85,0.86131,perry2008,Pg. 2-96,
1263,None,0.0,204.85,0.858934,perry2008,Pg. 2-96,
1264,None,0.0,206.85,0.856537,perry2008,Pg. 2-96,
1265,None,0.0,208.85,0.854118,perry2008,Pg. 2-96,
1266,None,0.0,210.85,0.851678,perry2008,Pg. 2-96,
1267,None,0.0,212.85,0.849214,perry2008,Pg. 2-96,
1268,None,0.0,214.85,0.846728,perry2008,Pg. 2-96,
1269,None,0.0,216.85,0.844219,perry2008,Pg. 2-96,
1270,None,0.0,218.85,0.841686,perry2008,Pg. 2-96,
1271,None,0.0,220.85,0.83913,perry2008,Pg. 2-96,
1272,None,0.0,222.85,0.836549,perry2008,Pg. 2-96,
1273,None,0.0,224.85,0.833944,perry2008,Pg. 2-96,
1274,None,0.0,226.85,0.831313,perry2008,Pg. 2-96,
1275,None,0.0,228.85,0.828658,perry2008,Pg. 2-96,
1276,None,0.0,230.85,0.825976,perry2008,Pg. 2-96,
1277,None,0.0,232.85,0.823269,perry2008,Pg. 2-96,
1278,None,0.0,234.85,0.820534,perry2008,Pg. 2-96,
1279,None,0.0,236.85,0.817772,perry2008,Pg. 2-96,
1280,None,0.0,238.85,0.814982,perry2008,Pg. 2-96,
1281,None,0.0,240.85,0.812164,perry2008,Pg. 2-96,
1282,None,0.0,242.85,0.809318,perry2008,Pg. 2-96,
1283,None,0.0,244.85,0.806441,perry2008,Pg. 2-96,
1284,None,0.0,246.85,0.803535,perry2008,Pg. 2-96,
1285,None,0.0,248.85,0.800597,perry2008,Pg. 2-96,
1286,None,0.0,250.85,0.797629,perry2008,Pg. 2-96,
1287,None,0.0,252.85,0.794628,perry2008,Pg. 2-96,
1288,None,0.0,254.85,0.791594,perry2008,Pg. 2-96,
1289,None,0.0,256.85,0.788527,perry2008,Pg. 2-96,
1290,None,0.0,258.85,0.785425,perry2008,Pg. 2-96,
1291,None,0.0,260.85,0.782288,perry2008,Pg. 2-96,
1292,None,0.0,262.85,0.779115,perry2008,Pg. 2-96,
1293,None,0.0,264.85,0.775905,perry2008,Pg. 2-96,
1294,None,0.0,266.85,0.772657,perry2008,Pg. 2-96,
1295,None,0.0,268.85,0.769369,perry2008,Pg. 2-96,
1296,None,0.0,270.85,0.766042,perry2008,Pg. 2-96,
1297,None,0.0,272.85,0.762674,perry2008,Pg. 2-96,
1298,None,0.0,274.85,0.759263,perry2008,Pg. 2-96,
1299,None,0.0,276.85,0.755808,perry2008,Pg. 2-96,
1300,None,0.0,278.85,0.752308,perry2008,Pg. 2-96,
1301,None,0.0,280.85,0.748762,perry2008,Pg. 2-96,
1302,None,0.0,282.85,0.745169,perry2008,Pg. 2-96,
1303,None,0.0,284.85,0.741525,perry2008,Pg. 2-96,
1304,None,0.0,286.85,0.737831,perry2008,Pg. 2-96,
1305,None,0.0,288.85,0.734084,perry2008,Pg. 2-96,
1306,None,0.0,290.85,0.730283,perry2008,Pg. 2-96,
1307,None,0.0,292.85,0.726425,perry2008,Pg. 2-96,
1308,None,0.0,294.85,0.722508,perry2008,Pg. 2-96,
1309,None,0.0,296.85,0.71853,perry2008,Pg. 2-96,
1310,None,0.0,298.85,0.714489,perry2008,Pg. 2-96,
1311,None,0.0,300.85,0.710382,perry2008,Pg. 2-96,
1312,None,0.0,302.85,0.706206,perry2008,Pg. 2-96,
1313,None,0.0,304.85,0.701959,perry2008,Pg. 2-96,
1314,None,0.0,306.85,0.697638,perry2008,Pg. 2-96,
1315,None,0.0,308.85,0.693238,perry2008,Pg. 2-96,
1316,None,0.0,310.85,0.688757,perry2008,Pg. 2-96,
1317,None,0.0,312.85,0.68419,perry2008,Pg. 2-96,
1318,None,0.0,314.85,0.679533,perry2008,Pg. 2-96,
1319,None,0.0,316.85,0.674781,perry2008,Pg. 2-96,
1320,None,0.0,318.85,0.66993,perry2008,Pg. 2-96,
1321,None,0.0,320.85,0.664974,perry2008,Pg. 2-96,
1322,None,0.0,322.85,0.659907,perry2008,Pg. 2-96,
1323,None,0.0,324.85,0.654722,perry2008,Pg. 2-96,
1324,None,0.0,326.85,0.649411,perry2008,Pg. 2-96,
1325,None,0.0,328.85,0.64397,perry2008,Pg. 2-96,
1326,None,0.0,330.85,0.63838,perry2008,Pg. 2-96,
1327,None,0.0,332.85,0.63264,perry2008,Pg. 2-96,
1328,None,0.0,334.85,0.62674,perry2008,Pg. 2-96,
1329,None,0.0,336.85,0.62065,perry2008,Pg. 2-96,
1330,None,0.0,338.85,0.61437,perry2008,Pg. 2-96,
1331,None,0.0,340.85,0.60788,perry2008,Pg. 2-96,
1332,None,0.0,342.85,0.60115,perry2008,Pg. 2-96,
1333,None,0.0,344.85,0.59416,perry2008,Pg. 2-96,
1334,None,0.0,346.85,0.58688,perry2008,Pg. 2-96,
1335,None,0.0,348.85,0.57926,perry2008,Pg. 2-96,
1336,None,0.0,350.85,0.57125,perry2008,Pg. 2-96,
1337,None,0.0,352.85,0.56281,perry2008,Pg. 2-96,
1338,None,0.0,354.85,0.55384,perry2008,Pg. 2-96,
1339,None,0.0,356.85,0.54425,perry2008,Pg. 2-96,
1340,None,0.0,358.85,0.53392,perry2008,Pg. 2-96,
1341,None,0.0,360.85,0.52271,perry2008,Pg. 2-96,
1342,None,0.0,362.85,0.51042,perry2008,Pg. 2-96,
1343,None,0.0,364.85,0.49682,perry2008,Pg. 2-96,
1344,None,0.0,366.85,0.48153,perry2008,Pg. 2-96,
1345,None,0.0,367.85,0.47301,perry2008,Pg. 2-96,
1346,None,0.0,368.85,0.46367,perry2008,Pg. 2-96,
1347,None,0.0,369.85,0.45314,perry2008,Pg. 2-96,
1348,None,0.0,370.85,0.44073,perry2008,Pg. 2-96,
1349,None,0.0,371.85,0.42505,perry2008,Pg. 2-96,
1350,None,0.0,372.85,0.40296,perry2008,Pg. 2-96,
1351,None,0.0,373.85,0.35734,perry2008,Pg. 2-96,
1352,None,0.0,373.946,0.322,perry2008,Pg. 2-96,Critical point